"REC_no","CODE_APD","ORIG_TAXON","FULL_TAXON","SUGG_TAXON","POLL_TYPE","Original Taxon","sugg_taxon_1","sugg_taxon_2","sugg_taxon_3","sugg_taxon_4","sugg_taxon_5","sugg_taxon_6","sugg_taxon_7","sugg_taxon_8","sugg_taxon_9","sugg_taxon_10","sugg_taxon_11","sugg_taxon_12","sugg_taxon_13","sugg_taxon_14"
"1",1,"FC000","Bucholzia","Bucholzia",NA,NA,"Bucholzia","Buchholzia",NA,NA,NA,NA,NA,NA,NA,NA,NA,NA,NA,NA,NA
"2",1,"FC000","Bridelia","Bridelia",NA,NA,"Bridelia","Bridelia ferruginea-type","Bridelia micrantha-type","Bridelia-type","Bridelia-type scleroneura",NA,NA,NA,NA,NA,NA,NA,NA,NA,NA
"3",1,"FC000","Parkia","Parkia",NA,NA,"Parkia","Acacia/Parkia","Parkia","Parkia bicolor-type","Parkia biglobosa-type","Parkia multijuga-type",NA,NA,NA,NA,NA,NA,NA,NA,NA
"4",1,"FC000","Hymenocardia","Hymenocardia",NA,NA,"Hymenocardia","Hymenocardia","Hymenocardia acida-type","Hymenocardia ulmoides-type","Hymenocardia/Chaetacme aristata","Celtis/Hymenocardia",NA,NA,NA,NA,NA,NA,NA,NA,NA
"5",1,"FC000","Securidaca","Securidaca",NA,NA,"Securidaca","Securidaca-type",NA,NA,NA,NA,NA,NA,NA,NA,NA,NA,NA,NA,NA
"6",1,"FC000","Fagonia","Fagonia",NA,NA,"Fagonia","Fagonia","Fagonia zilloides-type",NA,NA,NA,NA,NA,NA,NA,NA,NA,NA,NA,NA
"7",1,"FC000","Lotus","Lotus",NA,NA,"Lotus","Lotus","Lotus arabicus-type",NA,NA,NA,NA,NA,NA,NA,NA,NA,NA,NA,NA
"8",1,"FC000","Sesamum","Sesamum",NA,NA,"Sesamum","Sesamum",NA,NA,NA,NA,NA,NA,NA,NA,NA,NA,NA,NA,NA
"9",1,"FC000","Cyperaceae","Cyperaceae Undiff.",NA,NA,"Cyperaceae Undiff.","Cyperaceae undiff.",NA,NA,NA,NA,NA,NA,NA,NA,NA,NA,NA,NA,NA
"10",1,"FC000","Typha","Typha",NA,NA,"Typha","Typha","Typha domingensis-type","Typha latifolia-type","Typha minima-type","Typha/Sparganium",NA,NA,NA,NA,NA,NA,NA,NA,NA
"11",1,"FC000","Xyris","Xyris",NA,NA,"Xyris","Xyris","Xyris decipiens-type",NA,NA,NA,NA,NA,NA,NA,NA,NA,NA,NA,NA
"12",1,"FC000","Illigera","Illigera",NA,NA,"Illigera",NA,NA,NA,NA,NA,NA,NA,NA,NA,NA,NA,NA,NA,NA
"13",1,"FC000","Tiliacora","Tiliacora funerifera",NA,NA,"Tiliacora funerifera","Tiliacora-type","Tiliacora-type funifera",NA,NA,NA,NA,NA,NA,NA,NA,NA,NA,NA,NA
"14",1,"FC000","Cardiospermum","Cardiospermum",NA,NA,"Cardiospermum","Cardiospermum","Cardiospermum halicacabum-type",NA,NA,NA,NA,NA,NA,NA,NA,NA,NA,NA,NA
"15",1,"FC000","Fernandoa","Fernandoa",NA,NA,"Fernandoa",NA,NA,NA,NA,NA,NA,NA,NA,NA,NA,NA,NA,NA,NA
"16",1,"FC000","Canarium","Canarium schweinfurthii",NA,NA,"Canarium schweinfurthii","Canarium-type",NA,NA,NA,NA,NA,NA,NA,NA,NA,NA,NA,NA,NA
"17",1,"FC000","Mammea","Mammea",NA,NA,"Mammea","Mammea africana-type","Mammea/Pentadesma",NA,NA,NA,NA,NA,NA,NA,NA,NA,NA,NA,NA
"18",1,"FC000","Symphonia","Symphonia globulifera",NA,NA,"Symphonia globulifera","Symphonia globulifera",NA,NA,NA,NA,NA,NA,NA,NA,NA,NA,NA,NA,NA
"19",1,"FC000","Allablackia","Allablackia",NA,NA,"Allablackia",NA,NA,NA,NA,NA,NA,NA,NA,NA,NA,NA,NA,NA,NA
"20",1,"FC000","Aneulophus","Aneulophus",NA,NA,"Aneulophus",NA,NA,NA,NA,NA,NA,NA,NA,NA,NA,NA,NA,NA,NA
"21",1,"FC000","Thecacorus","Antidesma/Thecacorus",NA,NA,"Antidesma/Thecacorus",NA,NA,NA,NA,NA,NA,NA,NA,NA,NA,NA,NA,NA,NA
"22",1,"FC000","Croton","Croton/Crotonogyne/Jatropha/Manniophyton/Neoboutonia",NA,NA,"Croton/Crotonogyne/Jatropha/Manniophyton/Neoboutonia","Croton/Jatropha","Croton/Neoboutonia","Crotoneae undiff.","Crotonogyne-type","Croton-type","Croton-type macrostachyus",NA,NA,NA,NA,NA,NA,NA,NA
"23",1,"FC000","Drypetes","Drypetes",NA,NA,"Drypetes","Drypetes-type","Drypetes-type afzelii","Drypetes-type caustica","Drypetes-type floribunda","Drypetes-type gilgiana","Drypetes-type gossweileri","Drypetes-type laciniata","Drypetes-type molunduana",NA,NA,NA,NA,NA,NA
"24",1,"FC000","Khaya","Khaya",NA,NA,"Khaya","Khaya-type","Khaya-type ivorensis","Khaya-type senegalensis",NA,NA,NA,NA,NA,NA,NA,NA,NA,NA,NA
"25",1,"FC000","Olax","Olax",NA,NA,"Olax","Olax","Olax dissitiflora-type",NA,NA,NA,NA,NA,NA,NA,NA,NA,NA,NA,NA
"26",1,"FC000","Panda","Panda",NA,NA,"Panda","Panda oleosa","Pandaceae undiff.","Pandanus","Pandanus candelabrum-type",NA,NA,NA,NA,NA,NA,NA,NA,NA,NA
"27",1,"FC000","Eriocoelum","Eriocoelum",NA,NA,"Eriocoelum","Eriocoelum","Eriocoelum macrocarpum-type",NA,NA,NA,NA,NA,NA,NA,NA,NA,NA,NA,NA
"28",1,"FC000","Nesogordinia","Nesogordinia",NA,NA,"Nesogordinia",NA,NA,NA,NA,NA,NA,NA,NA,NA,NA,NA,NA,NA,NA
"29",1,"FC000","Triplochiton","Triplochiton scleroxylon",NA,NA,"Triplochiton scleroxylon","Triplochiton scleroxylon-type",NA,NA,NA,NA,NA,NA,NA,NA,NA,NA,NA,NA,NA
"30",1,"FC000","Borassus","Borassus/Hyphaene",NA,NA,"Borassus/Hyphaene","Borassus/Hyphaene",NA,NA,NA,NA,NA,NA,NA,NA,NA,NA,NA,NA,NA
"31",1,"FC000","Elaeis","Elaeis guineensis",NA,NA,"Elaeis guineensis","Elaeis guineensis",NA,NA,NA,NA,NA,NA,NA,NA,NA,NA,NA,NA,NA
"32",1,"FC000","Palmae","Palmae Undiff.",NA,NA,"Palmae Undiff.","Palmae undiff.",NA,NA,NA,NA,NA,NA,NA,NA,NA,NA,NA,NA,NA
"33",1,"FC000","Lannea","Lannea",NA,NA,"Lannea","Lannea/Sclerocarya","Lannea-type","Lannea-type acida",NA,NA,NA,NA,NA,NA,NA,NA,NA,NA,NA
"34",1,"FC000","Asteraceae","Asteraceae Undifferentiated.",NA,NA,"Asteraceae Undifferentiated.","Asteraceae undiff.",NA,NA,NA,NA,NA,NA,NA,NA,NA,NA,NA,NA,NA
"35",1,"FC000","Anthocleista","Anthocleista grandiflora",NA,NA,"Anthocleista grandiflora","Anthocleista grandiflora-type",NA,NA,NA,NA,NA,NA,NA,NA,NA,NA,NA,NA,NA
"36",1,"FC000","Premna","Premna",NA,NA,"Premna","Premna-type",NA,NA,NA,NA,NA,NA,NA,NA,NA,NA,NA,NA,NA
"37",1,"FC000","Morinda","Morinda citrifolia",NA,NA,"Morinda citrifolia","Morinda","Morinda lucida-type",NA,NA,NA,NA,NA,NA,NA,NA,NA,NA,NA,NA
"38",1,"FC000","Pouteria","Pouteria",NA,NA,"Pouteria","Pouteria-type","Pouteria-type adolfi-friedericii",NA,NA,NA,NA,NA,NA,NA,NA,NA,NA,NA,NA
"39",1,"FC000","Hannoa","Hannoa",NA,NA,"Hannoa","Hannoa","Hannoa klaineana-type","Hannoa undulata-type",NA,NA,NA,NA,NA,NA,NA,NA,NA,NA,NA
"40",1,"FC000","Casearia","Casearia",NA,NA,"Casearia","Casearia",NA,NA,NA,NA,NA,NA,NA,NA,NA,NA,NA,NA,NA
"41",1,"FC000","Berlinia","Berlinia",NA,NA,"Berlinia","Berlinia/Isoberlinia","Berlinia-type","Berlinia-type confusa","Berlinia-type grandiflora",NA,NA,NA,NA,NA,NA,NA,NA,NA,NA
"42",1,"FC000","Scaphopetalum","Scaphopetalum",NA,NA,"Scaphopetalum",NA,NA,NA,NA,NA,NA,NA,NA,NA,NA,NA,NA,NA,NA
"43",1,"FC000","Pandanus","Pandanus",NA,NA,"Pandanus","Pandanus","Pandanus candelabrum-type",NA,NA,NA,NA,NA,NA,NA,NA,NA,NA,NA,NA
"44",1,"FC000","Prunus","Prunus",NA,NA,"Prunus","Prunus","Prunus africana-type",NA,NA,NA,NA,NA,NA,NA,NA,NA,NA,NA,NA
"45",1,"FC000","Craterispermum","Craterispermum",NA,NA,"Craterispermum","Craterispermum","Craterispermum laurinum-type","Craterispermum schweinfurthii-type",NA,NA,NA,NA,NA,NA,NA,NA,NA,NA,NA
"46",1,"FC000","Manilkara","Manilkara",NA,NA,"Manilkara","Manilkara-type","Manilkara-type butugii","Manilkara-type obovata",NA,NA,NA,NA,NA,NA,NA,NA,NA,NA,NA
"47",1,"FC000","Mimusops","Mimusops",NA,NA,"Mimusops","Mimusops-type","Mimusops-type kummel",NA,NA,NA,NA,NA,NA,NA,NA,NA,NA,NA,NA
"48",1,"FC000","Zanthoxylum","Zanthoxylum",NA,NA,"Zanthoxylum","Zanthoxylum/Fagaropsis","Zanthoxylum-type","Zanthoxylum-type chalybeum","Zanthoxylum-type gilletii","Zanthoxylum-type lemairei","Zanthoxylum-type usambarense","Zanthoxylum-type zanthoxyloides",NA,NA,NA,NA,NA,NA,NA
"49",1,"FC000","Allophylus","Allophylus",NA,NA,"Allophylus","Faurea/Allophylus","Allophylus","Allophylus abyssinicus-type","Allophylus africanus-type","Allophylus/Protea","Allophylus/Protea/Faurea",NA,NA,NA,NA,NA,NA,NA,NA
"50",1,"FC000","Desplatsia","Desplatsia",NA,NA,"Desplatsia","Desplatsia-type",NA,NA,NA,NA,NA,NA,NA,NA,NA,NA,NA,NA,NA
"51",1,"FC000","Vitaceae","Vitaceae undiff.",NA,NA,"Vitaceae undiff.","Vitaceae undiff.",NA,NA,NA,NA,NA,NA,NA,NA,NA,NA,NA,NA,NA
"52",1,"FC000","Blighia","Blighia",NA,NA,"Blighia","Blighia","Blighia sapida-type","Blighia unijugata-type",NA,NA,NA,NA,NA,NA,NA,NA,NA,NA,NA
"53",1,"FC000","Cola","Cola_Sterculia",NA,NA,"Cola_Sterculia","Cola caricaefolia-type","Cola cordifolia-type","Cola gigantea-type","Cola heterophylla-type","Cola-type","Cola-type nitida",NA,NA,NA,NA,NA,NA,NA,NA
"54",1,"FC000","Dracaena","Dracaena",NA,NA,"Dracaena","Dracaena","Dracaena afromontana-type","Dracaena schizantha-type","Dracaena steudneri-type",NA,NA,NA,NA,NA,NA,NA,NA,NA,NA
"55",1,"FC000","Fabaceae","Fabaceae - Caesalpiniaceae undiff.",NA,NA,"Fabaceae - Caesalpiniaceae undiff.","Fabaceae undiff.",NA,NA,NA,NA,NA,NA,NA,NA,NA,NA,NA,NA,NA
"56",1,"FC000","Detarium","Detarium",NA,NA,"Detarium","Detarium","Detarium senegalense-type",NA,NA,NA,NA,NA,NA,NA,NA,NA,NA,NA,NA
"57",1,"FC000","Diospyros","Diospyros",NA,NA,"Diospyros","Diospyros","Diospyros mespiliformis-type",NA,NA,NA,NA,NA,NA,NA,NA,NA,NA,NA,NA
"58",1,"FC000","Syzygium","Eugenia_Syzygium",NA,NA,"Eugenia_Syzygium","Eucalyptus/Syzygium","Eugenia/Syzygium","Syzygium-type","Syzygium-type guineense","Syzygium-type staudtii",NA,NA,NA,NA,NA,NA,NA,NA,NA
"59",1,"FC000","Ficus","Ficus",NA,NA,"Ficus","Ficus","Ficus barteri-type","Ficus lutea-type","Ficus lyrata-type","Ficus natalensis-type","Ficus pseudomangifera-type","Ficus sagittifolia-type",NA,NA,NA,NA,NA,NA,NA
"60",1,"FC000","Vitex","Vitex",NA,NA,"Vitex","Vitex-type","Vitex-type doniana","Vitex-type grandifolia",NA,NA,NA,NA,NA,NA,NA,NA,NA,NA,NA
"61",1,"FC000","Brassicaceae","Brassicaceae Undifferentiated",NA,NA,"Brassicaceae Undifferentiated","Brassicaceae undiff.","Oleaceae/Brassicaceae undiff.",NA,NA,NA,NA,NA,NA,NA,NA,NA,NA,NA,NA
"62",1,"FC000","Gramineae","Gramineae Undifferentiated",NA,NA,"Gramineae Undifferentiated","Poaceae undiff.",NA,"Poaceae undiff.","Poaceae undiff.",NA,"Poaceae undiff.","Poaceae undiff.","Poaceae undiff.","Poaceae undiff.","Poaceae undiff.",NA,NA,NA,NA
"63",1,"FC000","Heliotropium","Heliotropium",NA,NA,"Heliotropium","Heliotropium","Heliotropium indicum-type","Heliotropium luteum-type","Heliotropium ovalifolium-type","Heliotropium ramosissimum-type","Heliotropium steudneri-type","Heliotropium strigosum-type","Heliotropium sudanicum-type",NA,NA,NA,NA,NA,NA
"64",1,"FC000","Nymphaea","Nymphaea",NA,NA,"Nymphaea","Nymphaea","Nymphaea guineensis-type","Nymphaea lotus-type","Nymphaea micrantha-type","Nymphaea nouchali-type",NA,NA,NA,NA,NA,NA,NA,NA,NA
"65",1,"FC000","Celastraceae","Celastraceae/Hippocrateaceae undiff.",NA,NA,"Celastraceae/Hippocrateaceae undiff.","Celastraceae/Hippocrateaceae undiff.",NA,NA,NA,NA,NA,NA,NA,NA,NA,NA,NA,NA,NA
"66",1,"FC000","Pterocarpus","Machaerium_Ormocarpum_Pterocarpus",NA,NA,"Machaerium_Ormocarpum_Pterocarpus","Pterocarpus-type","Pterocarpus-type angolensis","Pterocarpus-type erinaceus","Pterocarpus-type lucens","Pterocarpus-type santalinoides",NA,NA,NA,NA,NA,NA,NA,NA,NA
"67",1,"FC000","Dialium","Dialium",NA,NA,"Dialium","Dialium","Dialium dinklagei-type","Dialium guineense-type","Dialium pachyphyllum-type",NA,NA,NA,NA,NA,NA,NA,NA,NA,NA
"68",1,"FC000","Kirkia","Kirkia",NA,NA,"Kirkia","Kirkia",NA,NA,NA,NA,NA,NA,NA,NA,NA,NA,NA,NA,NA
"69",1,"FC000","Phoenix","Phoenix",NA,NA,"Phoenix","Phoenix","Phoenix dactylifera-type","Phoenix reclinata-type",NA,NA,NA,NA,NA,NA,NA,NA,NA,NA,NA
"70",1,"FC000","Raphia","Raphia",NA,NA,"Raphia","Raphia","Raphia hookeri-type","Raphia vinifera-type",NA,NA,NA,NA,NA,NA,NA,NA,NA,NA,NA
"71",1,"FC000","Alchornea","Alchornea",NA,NA,"Alchornea","Alchornea","Alchornea cordifolia-type","Alchornea hirtella-type",NA,NA,NA,NA,NA,NA,NA,NA,NA,NA,NA
"72",1,"FC000","Macaranga","Macaranga_Mallotus_Mareya",NA,NA,"Macaranga_Mallotus_Mareya","Macaranga-type","Macaranga-type barteri","Macaranga-type beillei","Macaranga-type capensis","Macaranga-type hurifolia","Macaranga-type monandra","Macaranga-type spinosa",NA,NA,NA,NA,NA,NA,NA
"73",1,"FC000","Nauclea","Corynanthe_Hallea_Hymenodictyon_Mitragyna inermis_Nauclea_Pausinystalia_Sarcocephalus_Uncaria",NA,NA,"Corynanthe_Hallea_Hymenodictyon_Mitragyna inermis_Nauclea_Pausinystalia_Sarcocephalus_Uncaria","Nauclea/Hymenodictyon","Nauclea/Mitragyna","Naucleae undiff.","Nauclea-type","Nauclea-type latifolia",NA,NA,NA,NA,NA,NA,NA,NA,NA
"74",1,"FC000","Zizyphus","Zizyphus",NA,NA,"Zizyphus","Ziziphus-type",NA,NA,NA,NA,NA,NA,NA,NA,NA,NA,NA,NA,NA
"75",1,"FC000","Trema","Trema",NA,NA,"Trema","Moraceae/Trema","Celtis/Trema","Trema-type orientalis",NA,NA,NA,NA,NA,NA,NA,NA,NA,NA,NA
"76",1,"FC000","Lophira","Lophira alata",NA,NA,"Lophira alata","Lophira alata-type",NA,NA,NA,NA,NA,NA,NA,NA,NA,NA,NA,NA,NA
"77",1,"FC000","Pseudospondias","Rhus_Anthrocaryon_Pseudospondias",NA,NA,"Rhus_Anthrocaryon_Pseudospondias","Pseudospondias-type","Pseudospondias-type microcarpa",NA,NA,NA,NA,NA,NA,NA,NA,NA,NA,NA,NA
"78",1,"FC000","Uapaca","Uapaca",NA,NA,"Uapaca","Uapaca","Uapaca bojeri-type","Uapaca esculenta-type","Uapaca guineensis-type","Uapaca heudelotii-type","Uapaca kirkiana-type","Uapaca nitida-type","Uapaca paludosa-type","Uapaca staudtii-type","Uapaca togoensis-type","Uapaca robynsii-type",NA,NA,NA
"79",1,"FC000","Combretaceae","Combretaceae undiff.",NA,NA,"Combretaceae undiff.","Combretaceae undiff.",NA,NA,NA,NA,NA,NA,NA,NA,NA,NA,NA,NA,NA
"80",1,"FC000","Combretaceae.1","Combretaceae undiff.",NA,NA,"Combretaceae undiff.","Combretaceae undiff.",NA,NA,NA,NA,NA,NA,NA,NA,NA,NA,NA,NA,NA
"81",1,"FC000","Copaifera","Cassia_Cynometra_Erythrophleum_Copaifera_Monopetalanthus",NA,NA,"Cassia_Cynometra_Erythrophleum_Copaifera_Monopetalanthus","Copaifera-type","Copaifera-type salikounda",NA,NA,NA,NA,NA,NA,NA,NA,NA,NA,NA,NA
"82",1,"FC000","Irvingia","Irvingia/Klainedoxa",NA,NA,"Irvingia/Klainedoxa","Irvingiaceae undiff.","Irvingia-type","Irvingia-type gabonensis",NA,NA,NA,NA,NA,NA,NA,NA,NA,NA,NA
"83",1,"FC000","Entada","Entada_Prosopis_Piptadeniastrum",NA,NA,"Entada_Prosopis_Piptadeniastrum","Entada/Piptadeniastrum","Entada/Prosopis","Entada-type","Entada-type abyssinica","Entada-type gigas",NA,NA,NA,NA,NA,NA,NA,NA,NA
"84",1,"FC000","Celtis","Celtis",NA,NA,"Celtis","Celtis","Celtis africana-type","Celtis australis-type","Celtis tessmannii-type","Celtis toka-type","Celtis/Holoptelea grandis","Celtis/Trema","Celtis/Hymenocardia",NA,NA,NA,NA,NA,NA
"85",1,"FC000","Myianthus","Myianthus_Musanga",NA,NA,"Myianthus_Musanga",NA,NA,NA,NA,NA,NA,NA,NA,NA,NA,NA,NA,NA,NA
"86",1,"FC000","Pycnanthus","Pycnanthus",NA,NA,"Pycnanthus","Pycnanthus","Pycnanthus angolensis-type",NA,NA,NA,NA,NA,NA,NA,NA,NA,NA,NA,NA
"87",1,"FC000","Tetrorchidium","Tetrorchidium",NA,NA,"Tetrorchidium","Tetrorchidium","Tetrorchidium congolense-type","Tetrorchidium didymostemon-type",NA,NA,NA,NA,NA,NA,NA,NA,NA,NA,NA
"88",1,"FC000","Annonaceae","Annonaceae Undiff.",NA,NA,"Annonaceae Undiff.","Annonaceae undiff.",NA,NA,NA,NA,NA,NA,NA,NA,NA,NA,NA,NA,NA
"89",1,"FC000","Indet","INDETERMINATE",NA,NA,"INDETERMINATE","Indeterminable",NA,NA,NA,NA,NA,NA,NA,NA,NA,NA,NA,NA,NA
"90",1,"FC000","volume","volume (ml)",NA,NA,"volume (ml)",NA,NA,NA,NA,NA,NA,NA,NA,NA,NA,NA,NA,NA,NA
"91",1,"FC000","Lyco_added","Lycopodium (added)",NA,NA,"Lycopodium (added)",NA,NA,NA,NA,NA,NA,NA,NA,NA,NA,NA,NA,NA,NA
"92",1,"FC000","Lyco_count","Lycopodium (tracer)",NA,NA,"Lycopodium (tracer)",NA,NA,NA,NA,NA,NA,NA,NA,NA,NA,NA,NA,NA,NA
"93",2,"FC300","Sessuvium","Sessuvium",NA,NA,"Sessuvium",NA,NA,NA,NA,NA,NA,NA,NA,NA,NA,NA,NA,NA,NA
"94",2,"FC300","Bucholzia","Bucholzia",NA,NA,"Bucholzia","Buchholzia",NA,NA,NA,NA,NA,NA,NA,NA,NA,NA,NA,NA,NA
"95",2,"FC300","Leptaulus","Leptaulus",NA,NA,"Leptaulus","Leptaulus","Leptaulus daphnoides-type",NA,NA,NA,NA,NA,NA,NA,NA,NA,NA,NA,NA
"96",2,"FC300","Afzelia","Afzelia",NA,NA,"Afzelia","Afzelia","Afzelia africana-type",NA,NA,NA,NA,NA,NA,NA,NA,NA,NA,NA,NA
"97",2,"FC300","Piliostigma","Piliostigma",NA,NA,"Piliostigma","Piliostigma","Piliostigma reticulatum-type","Piliostigma thonningii-type",NA,NA,NA,NA,NA,NA,NA,NA,NA,NA,NA
"98",2,"FC300","Dichrostachys","Dichrostachys",NA,NA,"Dichrostachys","Dichrostachys","Dichrostachys cinerea-type",NA,NA,NA,NA,NA,NA,NA,NA,NA,NA,NA,NA
"99",2,"FC300","Lamiaceae","Lamiaceae undiff.",NA,NA,"Lamiaceae undiff.","Lamiaceae undiff.",NA,NA,NA,NA,NA,NA,NA,NA,NA,NA,NA,NA,NA
"100",2,"FC300","Ochna","Ochna",NA,NA,"Ochna","Ochna","Ochnaceae undiff.",NA,NA,NA,NA,NA,NA,NA,NA,NA,NA,NA,NA
"101",2,"FC300","Securidaca","Polygala_Securidaca",NA,NA,"Polygala_Securidaca","Securidaca-type",NA,NA,NA,NA,NA,NA,NA,NA,NA,NA,NA,NA,NA
"102",2,"FC300","Psydrax","Keetia_Psydrax",NA,NA,"Keetia_Psydrax","Psydrax-type arnoldiana","Psydrax-type schimperiana","Psydrax-type subcordata",NA,NA,NA,NA,NA,NA,NA,NA,NA,NA,NA
"103",2,"FC300","Holoptela","Holoptela grandis",NA,NA,"Holoptela grandis",NA,NA,NA,NA,NA,NA,NA,NA,NA,NA,NA,NA,NA,NA
"104",2,"FC300","Balanites","Balanites",NA,NA,"Balanites","Balanites","Balanites aegyptiaca-type","Balanites rotundifolia-type",NA,NA,NA,NA,NA,NA,NA,NA,NA,NA,NA
"105",2,"FC300","Fagonia","Fagonia",NA,NA,"Fagonia","Fagonia","Fagonia zilloides-type",NA,NA,NA,NA,NA,NA,NA,NA,NA,NA,NA,NA
"106",2,"FC300","Heliotropium","Heliotropium",NA,NA,"Heliotropium","Heliotropium","Heliotropium indicum-type","Heliotropium luteum-type","Heliotropium ovalifolium-type","Heliotropium ramosissimum-type","Heliotropium steudneri-type","Heliotropium strigosum-type","Heliotropium sudanicum-type",NA,NA,NA,NA,NA,NA
"107",2,"FC300","Brassicaceae","Brassicaceae undiff.",NA,NA,"Brassicaceae undiff.","Brassicaceae undiff.","Oleaceae/Brassicaceae undiff.",NA,NA,NA,NA,NA,NA,NA,NA,NA,NA,NA,NA
"108",2,"FC300","Convolvulaceae","Convolvulaceae undiff.",NA,NA,"Convolvulaceae undiff.","Convolvulaceae undiff.",NA,NA,NA,NA,NA,NA,NA,NA,NA,NA,NA,NA,NA
"109",2,"FC300","Indigofera","Indigofera",NA,NA,"Indigofera","Indigofera","Indigofera aspera-type","Indigofera congolensis-type","Indigofera microcarpa-type","Indigofera paniculata-type","Indigofera schimperi-type","Indigofera stenophylla-type",NA,NA,NA,NA,NA,NA,NA
"110",2,"FC300","Lotus","Lotus",NA,NA,"Lotus","Lotus","Lotus arabicus-type",NA,NA,NA,NA,NA,NA,NA,NA,NA,NA,NA,NA
"111",2,"FC300","Adenia","Adenia",NA,NA,"Adenia","Adenia","Adenia lobata-type","Adenia venenata-type",NA,NA,NA,NA,NA,NA,NA,NA,NA,NA,NA
"112",2,"FC300","Plantago","Plantago",NA,NA,"Plantago","Plantago","Plantago afra-type","Plantago africana-type","Plantago amplexicaulis-type","Plantago ciliata-type","Plantago coronopus-type","Plantago lanceolata-type","Plantago media-type",NA,NA,NA,NA,NA,NA
"113",2,"FC300","Spermacoce","Spermacoce_Diodia",NA,NA,"Spermacoce_Diodia","Spermacoce-type","Spermacoce-type chaetocephala","Spermacoce-type hepperana","Spermacoce-type latifolia","Spermacoce-type radiata","Spermacoce-type ruelliae",NA,NA,NA,NA,NA,NA,NA,NA
"114",2,"FC300","Xyris","Xyris",NA,NA,"Xyris","Xyris","Xyris decipiens-type",NA,NA,NA,NA,NA,NA,NA,NA,NA,NA,NA,NA
"115",2,"FC300","Sabicea","Sabicea",NA,NA,"Sabicea","Sabicea",NA,NA,NA,NA,NA,NA,NA,NA,NA,NA,NA,NA,NA
"116",2,"FC300","Cardiospermum","Cardiospermum",NA,NA,"Cardiospermum","Cardiospermum","Cardiospermum halicacabum-type",NA,NA,NA,NA,NA,NA,NA,NA,NA,NA,NA,NA
"117",2,"FC300","Amaranthaceae","Amaranthaceae_Chenopodiaceae undiff.",NA,NA,"Amaranthaceae_Chenopodiaceae undiff.","Amaranthaceae undiff.","Amaranthaceae/Caryophyllaceae undiff.","Amaranthaceae/Chenopodiaceae undiff.","Amaranthaceae/Chenopodiaceae/Caryophyllaceae undiff.","Caryophyllaceae/Amaranthaceae undiff.","Caryophyllaceae/Chenopodiaceae/Amaranthaceae undiff.",NA,NA,NA,NA,NA,NA,NA,NA
"118",2,"FC300","Landolphia","Alstonia_Landolphia",NA,NA,"Alstonia_Landolphia","Landolphia-type",NA,NA,NA,NA,NA,NA,NA,NA,NA,NA,NA,NA,NA
"119",2,"FC300","Tabernaemontana","Tabernaemontana",NA,NA,"Tabernaemontana","Tabernaemontana","Tabernaemontana crassa-type",NA,NA,NA,NA,NA,NA,NA,NA,NA,NA,NA,NA
"120",2,"FC300","Ilex","Ilex mitis",NA,NA,"Ilex mitis","Ilex mitis",NA,NA,NA,NA,NA,NA,NA,NA,NA,NA,NA,NA,NA
"121",2,"FC300","Bignoniaceae","Bignoniaceae Undiff.",NA,NA,"Bignoniaceae Undiff.","Bignoniaceae undiff.",NA,NA,NA,NA,NA,NA,NA,NA,NA,NA,NA,NA,NA
"122",2,"FC300","Canarium","Canarium schweinfurthii",NA,NA,"Canarium schweinfurthii","Canarium-type",NA,NA,NA,NA,NA,NA,NA,NA,NA,NA,NA,NA,NA
"123",2,"FC300","Tessmannia","Tessmannia",NA,NA,"Tessmannia","Tessmannia",NA,NA,NA,NA,NA,NA,NA,NA,NA,NA,NA,NA,NA
"124",2,"FC300","Mammea","Mammea africana-type",NA,NA,"Mammea africana-type","Mammea africana-type",NA,NA,NA,NA,NA,NA,NA,NA,NA,NA,NA,NA,NA
"125",2,"FC300","Allanblackia","Allanblackia",NA,NA,"Allanblackia","Allanblackia","Allanblackia ",NA,NA,NA,NA,NA,NA,NA,NA,NA,NA,NA,NA
"126",2,"FC300","Aneulophus","Aneulophus",NA,NA,"Aneulophus",NA,NA,NA,NA,NA,NA,NA,NA,NA,NA,NA,NA,NA,NA
"127",2,"FC300","Anthostema","Anthostema",NA,NA,"Anthostema","Anthostema-type","Anthostema-type aubryanum","Anthostema-type senegalense",NA,NA,NA,NA,NA,NA,NA,NA,NA,NA,NA
"128",2,"FC300","Thecacoris","Antidesma_Thecacoris",NA,NA,"Antidesma_Thecacoris","Thecacoris-type","Thecacoris-type leptobotrya","Thecacoris-type stenopetala",NA,NA,NA,NA,NA,NA,NA,NA,NA,NA,NA
"129",2,"FC300","Martretia","Martretia",NA,NA,"Martretia","Martretia quadricornis",NA,NA,NA,NA,NA,NA,NA,NA,NA,NA,NA,NA,NA
"130",2,"FC300","Baphia","Baphia_Millettia",NA,NA,"Baphia_Millettia","Baphia/Millettia","Baphia-type","Baphia-type capparidifolia","Baphia-type nitida",NA,NA,NA,NA,NA,NA,NA,NA,NA,NA
"131",2,"FC300","Xylia","Xylia-type",NA,NA,"Xylia-type","Xylia-type","Xylia-type schliebenii",NA,NA,NA,NA,NA,NA,NA,NA,NA,NA,NA,NA
"132",2,"FC300","Caloncoba","Caloncoba-type",NA,NA,"Caloncoba-type","Caloncoba-type",NA,NA,NA,NA,NA,NA,NA,NA,NA,NA,NA,NA,NA
"133",2,"FC300","Kirkia","Kirkia",NA,NA,"Kirkia","Kirkia",NA,NA,NA,NA,NA,NA,NA,NA,NA,NA,NA,NA,NA
"134",2,"FC300","Antiaris","Antiaris_Milicia_Morus",NA,NA,"Antiaris_Milicia_Morus","Antiaris toxicaria/Milicia","Antiaris-type toxicaria",NA,NA,NA,NA,NA,NA,NA,NA,NA,NA,NA,NA
"135",2,"FC300","Ongokea","Ongokea gore",NA,NA,"Ongokea gore","Ongokea gore",NA,NA,NA,NA,NA,NA,NA,NA,NA,NA,NA,NA,NA
"136",2,"FC300","Strombosia","Strombosia",NA,NA,"Strombosia","Heisteria/Strombosia","Strombosia","Strombosia scheffleri-type",NA,NA,NA,NA,NA,NA,NA,NA,NA,NA,NA
"137",2,"FC300","Panda","Panda oleosa",NA,NA,"Panda oleosa","Panda oleosa",NA,NA,NA,NA,NA,NA,NA,NA,NA,NA,NA,NA,NA
"138",2,"FC300","Medusandra","Medusandra",NA,NA,"Medusandra",NA,NA,NA,NA,NA,NA,NA,NA,NA,NA,NA,NA,NA,NA
"139",2,"FC300","Coffea","Coffea",NA,NA,"Coffea","Coffea","Coffea canephora-type",NA,NA,NA,NA,NA,NA,NA,NA,NA,NA,NA,NA
"140",2,"FC300","Ixora","Ixora-type",NA,NA,"Ixora-type","Ixora-type","Ixora-type brachypoda",NA,NA,NA,NA,NA,NA,NA,NA,NA,NA,NA,NA
"141",2,"FC300","Teclea","Teclea_Vepris",NA,NA,"Teclea_Vepris","Teclea-type",NA,NA,NA,NA,NA,NA,NA,NA,NA,NA,NA,NA,NA
"142",2,"FC300","Lecaniodiscus","Aphania_Lecaniodiscus",NA,NA,"Aphania_Lecaniodiscus","Lecaniodiscus/Aphania senegalensis","Lecaniodiscus-type","Lecaniodiscus-type cupanioides",NA,NA,NA,NA,NA,NA,NA,NA,NA,NA,NA
"143",2,"FC300","Ganophyllum","Ganophyllum-type giganteum",NA,NA,"Ganophyllum-type giganteum","Ganophyllum-type giganteum",NA,NA,NA,NA,NA,NA,NA,NA,NA,NA,NA,NA,NA
"144",2,"FC300","Paullinia","Paullinia pinnata",NA,NA,"Paullinia pinnata","Paullinia pinnata",NA,NA,NA,NA,NA,NA,NA,NA,NA,NA,NA,NA,NA
"145",2,"FC300","Zanha","Zanha",NA,NA,"Zanha","Zanha","Zanha golungensis-type",NA,NA,NA,NA,NA,NA,NA,NA,NA,NA,NA,NA
"146",2,"FC300","Triplochiton","Triplochiton",NA,NA,"Triplochiton","Triplochiton","Triplochiton scleroxylon-type",NA,NA,NA,NA,NA,NA,NA,NA,NA,NA,NA,NA
"147",2,"FC300","Mangifera","Mangifera type",NA,NA,"Mangifera type","Mangifera indica",NA,NA,NA,NA,NA,NA,NA,NA,NA,NA,NA,NA,NA
"148",2,"FC300","Asteraceae","Asteraceae",NA,NA,"Asteraceae","Asteraceae undiff.",NA,NA,NA,NA,NA,NA,NA,NA,NA,NA,NA,NA,NA
"149",2,"FC300","Bombax","Bombax",NA,NA,"Bombax","Bombax","Bombax buonopozense-type","Bombax costatum-type","Bombax rhodognaphalon-type",NA,NA,NA,NA,NA,NA,NA,NA,NA,NA
"150",2,"FC300","Ceiba","Ceiba pentandra",NA,NA,"Ceiba pentandra","Ceiba pentandra",NA,NA,NA,NA,NA,NA,NA,NA,NA,NA,NA,NA,NA
"151",2,"FC300","Discoglypremna","Discoglypremna caloneura",NA,NA,"Discoglypremna caloneura","Discoglypremna caloneura",NA,NA,NA,NA,NA,NA,NA,NA,NA,NA,NA,NA,NA
"152",2,"FC300","Tephrosia","Tephrosia",NA,NA,"Tephrosia","Tephrosia","Tephrosia uniflora-type",NA,NA,NA,NA,NA,NA,NA,NA,NA,NA,NA,NA
"153",2,"FC300","Acacia","Acacia",NA,NA,"Acacia","Acacia","Acacia ehrenbergiana-type","Acacia etbaica-type","Acacia gummifera-type","Acacia horrida-type","Acacia mellifera-type","Acacia nilotica-type","Acacia oerfota-type","Acacia polyacantha-type","Acacia senegal-type","Acacia seyal-type","Acacia sieberiana-type","Acacia tortilis-type","Acacia/Parkia"
"154",2,"FC300","Premna","Premna",NA,NA,"Premna","Premna-type",NA,NA,NA,NA,NA,NA,NA,NA,NA,NA,NA,NA,NA
"155",2,"FC300","Rumex","Rumex",NA,NA,"Rumex","Rumex","Rumex vesicarius-type",NA,NA,NA,NA,NA,NA,NA,NA,NA,NA,NA,NA
"156",2,"FC300","Morinda","Morinda lucida-type",NA,NA,"Morinda lucida-type","Morinda lucida-type",NA,NA,NA,NA,NA,NA,NA,NA,NA,NA,NA,NA,NA
"157",2,"FC300","Dichostemma","Dichostemma",NA,NA,"Dichostemma","Dichostemma-type glaucescens",NA,NA,NA,NA,NA,NA,NA,NA,NA,NA,NA,NA,NA
"158",2,"FC300","Gilbertiodendron","Gilbertiodendron_Isomacrolobium_Isoberlinia_Berlinia_Pelligriniodendron",NA,NA,"Gilbertiodendron_Isomacrolobium_Isoberlinia_Berlinia_Pelligriniodendron","Gilbertiodendron-type","Gilbertiodendron-type mayombense",NA,NA,NA,NA,NA,NA,NA,NA,NA,NA,NA,NA
"159",2,"FC300","Irvingia","Irvingia_Klainedoxa",NA,NA,"Irvingia_Klainedoxa","Irvingiaceae undiff.","Irvingia-type","Irvingia-type gabonensis",NA,NA,NA,NA,NA,NA,NA,NA,NA,NA,NA
"160",2,"FC300","Scaphopetalum","Scaphopetalum",NA,NA,"Scaphopetalum",NA,NA,NA,NA,NA,NA,NA,NA,NA,NA,NA,NA,NA,NA
"161",2,"FC300","Prunus","Prunus",NA,NA,"Prunus","Prunus","Prunus africana-type",NA,NA,NA,NA,NA,NA,NA,NA,NA,NA,NA,NA
"162",2,"FC300","Craterispermum","Craterispermum",NA,NA,"Craterispermum","Craterispermum","Craterispermum laurinum-type","Craterispermum schweinfurthii-type",NA,NA,NA,NA,NA,NA,NA,NA,NA,NA,NA
"163",2,"FC300","Rinorea","Rinorea",NA,NA,"Rinorea","Rinorea",NA,NA,NA,NA,NA,NA,NA,NA,NA,NA,NA,NA,NA
"164",2,"FC300","Loranthaceae","Loranthaceae undiff.",NA,NA,"Loranthaceae undiff.","Loranthaceae undiff.",NA,NA,NA,NA,NA,NA,NA,NA,NA,NA,NA,NA,NA
"165",2,"FC300","Moraceae","Moraceae Undiff.",NA,NA,"Moraceae Undiff.","Moraceae undiff.","Moraceae/Trema","Urticaceae/Moraceae undiff.",NA,NA,NA,NA,NA,NA,NA,NA,NA,NA,NA
"166",2,"FC300","Phyllantheae","Phyllantheae undiff.",NA,NA,"Phyllantheae undiff.","Phyllantheae undiff.",NA,NA,NA,NA,NA,NA,NA,NA,NA,NA,NA,NA,NA
"167",2,"FC300","Sapindaceae","Sapindaceae undiff.",NA,NA,"Sapindaceae undiff.","Proteaceae/Sapindaceae undiff.","Sapindaceae undiff.",NA,NA,NA,NA,NA,NA,NA,NA,NA,NA,NA,NA
"168",2,"FC300","Vitaceae","Vitaceae undiff.",NA,NA,"Vitaceae undiff.","Vitaceae undiff.",NA,NA,NA,NA,NA,NA,NA,NA,NA,NA,NA,NA,NA
"169",2,"FC300","Aidia","Aidia_Catunaregam",NA,NA,"Aidia_Catunaregam","Aidia-type","Aidia-type micrantha",NA,NA,NA,NA,NA,NA,NA,NA,NA,NA,NA,NA
"170",2,"FC300","Croton","Croton_Crotonogyne_Jatropha_Manniophyton_Neoboutonia",NA,NA,"Croton_Crotonogyne_Jatropha_Manniophyton_Neoboutonia","Croton/Jatropha","Croton/Neoboutonia","Crotoneae undiff.","Crotonogyne-type","Croton-type","Croton-type macrostachyus",NA,NA,NA,NA,NA,NA,NA,NA
"171",2,"FC300","Dialium","Dialium",NA,NA,"Dialium","Dialium","Dialium dinklagei-type","Dialium guineense-type","Dialium pachyphyllum-type",NA,NA,NA,NA,NA,NA,NA,NA,NA,NA
"172",2,"FC300","Drypetes","Drypetes_Shirakia",NA,NA,"Drypetes_Shirakia","Drypetes-type","Drypetes-type afzelii","Drypetes-type caustica","Drypetes-type floribunda","Drypetes-type gilgiana","Drypetes-type gossweileri","Drypetes-type laciniata","Drypetes-type molunduana",NA,NA,NA,NA,NA,NA
"173",2,"FC300","Pterocarpus","Machaerium_Ormocarpum_Pterocarpus",NA,NA,"Machaerium_Ormocarpum_Pterocarpus","Pterocarpus-type","Pterocarpus-type angolensis","Pterocarpus-type erinaceus","Pterocarpus-type lucens","Pterocarpus-type santalinoides",NA,NA,NA,NA,NA,NA,NA,NA,NA
"174",2,"FC300","Meliaceae","Meliaceae undiff.",NA,NA,"Meliaceae undiff.","Meliaceae undiff.",NA,NA,NA,NA,NA,NA,NA,NA,NA,NA,NA,NA,NA
"175",2,"FC300","Nesogordonia","Nesogordonia",NA,NA,"Nesogordonia","Nesogordonia","Nesogordonia papaverifera-type",NA,NA,NA,NA,NA,NA,NA,NA,NA,NA,NA,NA
"176",2,"FC300","Olax","Olax",NA,NA,"Olax","Olax","Olax dissitiflora-type",NA,NA,NA,NA,NA,NA,NA,NA,NA,NA,NA,NA
"177",2,"FC300","Parinari","Parinari",NA,NA,"Parinari","Chrysobalanus icaco/Parinari","Parinari-type",NA,NA,NA,NA,NA,NA,NA,NA,NA,NA,NA,NA
"178",2,"FC300","Symphonia","Symphonia globulifera",NA,NA,"Symphonia globulifera","Symphonia globulifera",NA,NA,NA,NA,NA,NA,NA,NA,NA,NA,NA,NA,NA
"179",2,"FC300","Allophylus","Allophylus",NA,NA,"Allophylus","Faurea/Allophylus","Allophylus","Allophylus abyssinicus-type","Allophylus africanus-type","Allophylus/Protea","Allophylus/Protea/Faurea",NA,NA,NA,NA,NA,NA,NA,NA
"180",2,"FC300","Celtis","Celtis",NA,NA,"Celtis","Celtis","Celtis africana-type","Celtis australis-type","Celtis tessmannii-type","Celtis toka-type","Celtis/Holoptelea grandis","Celtis/Trema","Celtis/Hymenocardia",NA,NA,NA,NA,NA,NA
"181",2,"FC300","Pycnanthus","Pycnanthus",NA,NA,"Pycnanthus","Pycnanthus","Pycnanthus angolensis-type",NA,NA,NA,NA,NA,NA,NA,NA,NA,NA,NA,NA
"182",2,"FC300","Zanthoxylum","Zanthoxylum",NA,NA,"Zanthoxylum","Zanthoxylum/Fagaropsis","Zanthoxylum-type","Zanthoxylum-type chalybeum","Zanthoxylum-type gilletii","Zanthoxylum-type lemairei","Zanthoxylum-type usambarense","Zanthoxylum-type zanthoxyloides",NA,NA,NA,NA,NA,NA,NA
"183",2,"FC300","Blighia","Blighia",NA,NA,"Blighia","Blighia","Blighia sapida-type","Blighia unijugata-type",NA,NA,NA,NA,NA,NA,NA,NA,NA,NA,NA
"184",2,"FC300","Bridelia","Bridelia_Cleistanthus",NA,NA,"Bridelia_Cleistanthus","Bridelia ferruginea-type","Bridelia micrantha-type","Bridelia-type","Bridelia-type scleroneura",NA,NA,NA,NA,NA,NA,NA,NA,NA,NA
"185",2,"FC300","Capparis","Capparis",NA,NA,"Capparis","Capparis","Capparis cartilaginea-type","Capparis decidua-type","Capparis erythrocarpos-type","Capparis fascicularis-type","Capparis sepiaria-type","Capparis tomentosa-type",NA,NA,NA,NA,NA,NA,NA
"186",2,"FC300","Sterculia","Cola_Sterculia",NA,NA,"Cola_Sterculia","Sterculiaceae undiff.","Sterculia-type","Sterculia-type setigera",NA,NA,NA,NA,NA,NA,NA,NA,NA,NA,NA
"187",2,"FC300","Detarium","Detarium",NA,NA,"Detarium","Detarium","Detarium senegalense-type",NA,NA,NA,NA,NA,NA,NA,NA,NA,NA,NA,NA
"188",2,"FC300","Diospyros","Diospyros",NA,NA,"Diospyros","Diospyros","Diospyros mespiliformis-type",NA,NA,NA,NA,NA,NA,NA,NA,NA,NA,NA,NA
"189",2,"FC300","Dracaena","Dracaena",NA,NA,"Dracaena","Dracaena","Dracaena afromontana-type","Dracaena schizantha-type","Dracaena steudneri-type",NA,NA,NA,NA,NA,NA,NA,NA,NA,NA
"190",2,"FC300","Euphorbia","Elaeophorbia_Euphorbia",NA,NA,"Elaeophorbia_Euphorbia","Euphorbiaceae undiff.","Euphorbia-type","Euphorbia-type abyssinica","Euphorbia-type acalyphoides","Euphorbia-type forskalii","Euphorbia-type glomerifica","Euphorbia-type hirta","Euphorbia-type indica","Euphorbia-type pulcherrima","Euphorbia-type terracina","Euphorbia-type tirucalli",NA,NA,NA
"191",2,"FC300","Erythrococca","Erythrococca_Micrococca",NA,NA,"Erythrococca_Micrococca","Erythrococca-type","Erythrococca-type africana",NA,NA,NA,NA,NA,NA,NA,NA,NA,NA,NA,NA
"192",2,"FC300","Syzygium","Eugenia_Syzygium",NA,NA,"Eugenia_Syzygium","Eucalyptus/Syzygium","Eugenia/Syzygium","Syzygium-type","Syzygium-type guineense","Syzygium-type staudtii",NA,NA,NA,NA,NA,NA,NA,NA,NA
"193",2,"FC300","Fabaceae","Fabaceae - Caesalpiniaceae undiff.",NA,NA,"Fabaceae - Caesalpiniaceae undiff.","Fabaceae undiff.",NA,NA,NA,NA,NA,NA,NA,NA,NA,NA,NA,NA,NA
"194",2,"FC300","Ficus","Ficus",NA,NA,"Ficus","Ficus","Ficus barteri-type","Ficus lutea-type","Ficus lyrata-type","Ficus natalensis-type","Ficus pseudomangifera-type","Ficus sagittifolia-type",NA,NA,NA,NA,NA,NA,NA
"195",2,"FC300","Hymenocardia","Hymenocardia",NA,NA,"Hymenocardia","Hymenocardia","Hymenocardia acida-type","Hymenocardia ulmoides-type","Hymenocardia/Chaetacme aristata","Celtis/Hymenocardia",NA,NA,NA,NA,NA,NA,NA,NA,NA
"196",2,"FC300","Vitex","Vitex",NA,NA,"Vitex","Vitex-type","Vitex-type doniana","Vitex-type grandifolia",NA,NA,NA,NA,NA,NA,NA,NA,NA,NA,NA
"197",2,"FC300","Copaifera","Cassia_Cynometra_Erythrophleum_Copaifera_Monopetalanthus",NA,NA,"Cassia_Cynometra_Erythrophleum_Copaifera_Monopetalanthus","Copaifera-type","Copaifera-type salikounda",NA,NA,NA,NA,NA,NA,NA,NA,NA,NA,NA,NA
"198",2,"FC300","Entada","Entada_Prosopis_Piptadeniastrum",NA,NA,"Entada_Prosopis_Piptadeniastrum","Entada/Piptadeniastrum","Entada/Prosopis","Entada-type","Entada-type abyssinica","Entada-type gigas",NA,NA,NA,NA,NA,NA,NA,NA,NA
"199",2,"FC300","Manilkara","Manilkara-type",NA,NA,"Manilkara-type","Manilkara-type","Manilkara-type butugii","Manilkara-type obovata",NA,NA,NA,NA,NA,NA,NA,NA,NA,NA,NA
"200",2,"FC300","Mimusops","Mimusops",NA,NA,"Mimusops","Mimusops-type","Mimusops-type kummel",NA,NA,NA,NA,NA,NA,NA,NA,NA,NA,NA,NA
"201",2,"FC300","Pandanus","Pandanus",NA,NA,"Pandanus","Pandanus","Pandanus candelabrum-type",NA,NA,NA,NA,NA,NA,NA,NA,NA,NA,NA,NA
"202",2,"FC300","Pseudospondias","Rhus_Anthrocaryon_Pseudospondias",NA,NA,"Rhus_Anthrocaryon_Pseudospondias","Pseudospondias-type","Pseudospondias-type microcarpa",NA,NA,NA,NA,NA,NA,NA,NA,NA,NA,NA,NA
"203",2,"FC300","Uapaca","Uapaca",NA,NA,"Uapaca","Uapaca","Uapaca bojeri-type","Uapaca esculenta-type","Uapaca guineensis-type","Uapaca heudelotii-type","Uapaca kirkiana-type","Uapaca nitida-type","Uapaca paludosa-type","Uapaca staudtii-type","Uapaca togoensis-type","Uapaca robynsii-type",NA,NA,NA
"204",2,"FC300","Phoenix","Phoenix",NA,NA,"Phoenix","Phoenix","Phoenix dactylifera-type","Phoenix reclinata-type",NA,NA,NA,NA,NA,NA,NA,NA,NA,NA,NA
"205",2,"FC300","Raphia","Raphia",NA,NA,"Raphia","Raphia","Raphia hookeri-type","Raphia vinifera-type",NA,NA,NA,NA,NA,NA,NA,NA,NA,NA,NA
"206",2,"FC300","Alchornea","Alchornea",NA,NA,"Alchornea","Alchornea","Alchornea cordifolia-type","Alchornea hirtella-type",NA,NA,NA,NA,NA,NA,NA,NA,NA,NA,NA
"207",2,"FC300","Combretaceae","Combretaceae undiff.",NA,NA,"Combretaceae undiff.","Combretaceae undiff.",NA,NA,NA,NA,NA,NA,NA,NA,NA,NA,NA,NA,NA
"208",2,"FC300","Lophira","Lophira alata",NA,NA,"Lophira alata","Lophira alata-type",NA,NA,NA,NA,NA,NA,NA,NA,NA,NA,NA,NA,NA
"209",2,"FC300","Cyperaceae","Cyperaceae undiff.",NA,NA,"Cyperaceae undiff.","Cyperaceae undiff.",NA,NA,NA,NA,NA,NA,NA,NA,NA,NA,NA,NA,NA
"210",2,"FC300","Nymphaea","Nymphaea",NA,NA,"Nymphaea","Nymphaea","Nymphaea guineensis-type","Nymphaea lotus-type","Nymphaea micrantha-type","Nymphaea nouchali-type",NA,NA,NA,NA,NA,NA,NA,NA,NA
"211",2,"FC300","Typha","Typha",NA,NA,"Typha","Typha","Typha domingensis-type","Typha latifolia-type","Typha minima-type","Typha/Sparganium",NA,NA,NA,NA,NA,NA,NA,NA,NA
"212",2,"FC300","Nauclea","Corynanthe_Hallea_Hymenodictyon_Mitragyna inermis_Nauclea_Pausinystalia_Sarcocephalus_Uncaria",NA,NA,"Corynanthe_Hallea_Hymenodictyon_Mitragyna inermis_Nauclea_Pausinystalia_Sarcocephalus_Uncaria","Nauclea/Hymenodictyon","Nauclea/Mitragyna","Naucleae undiff.","Nauclea-type","Nauclea-type latifolia",NA,NA,NA,NA,NA,NA,NA,NA,NA
"213",2,"FC300","Elaeis","Elaeis guineensis",NA,NA,"Elaeis guineensis","Elaeis guineensis",NA,NA,NA,NA,NA,NA,NA,NA,NA,NA,NA,NA,NA
"214",2,"FC300","Macaranga","Macaranga_Mallotus_Mareya",NA,NA,"Macaranga_Mallotus_Mareya","Macaranga-type","Macaranga-type barteri","Macaranga-type beillei","Macaranga-type capensis","Macaranga-type hurifolia","Macaranga-type monandra","Macaranga-type spinosa",NA,NA,NA,NA,NA,NA,NA
"215",2,"FC300","Myianthus","Myianthus_Musanga",NA,NA,"Myianthus_Musanga",NA,NA,NA,NA,NA,NA,NA,NA,NA,NA,NA,NA,NA,NA
"216",2,"FC300","Spathodea","Spathodea",NA,NA,"Spathodea","Spathodea-type campanulata",NA,NA,NA,NA,NA,NA,NA,NA,NA,NA,NA,NA,NA
"217",2,"FC300","Tetrorchidium","Tetrorchidium",NA,NA,"Tetrorchidium","Tetrorchidium","Tetrorchidium congolense-type","Tetrorchidium didymostemon-type",NA,NA,NA,NA,NA,NA,NA,NA,NA,NA,NA
"218",2,"FC300","Trema","Trema",NA,NA,"Trema","Moraceae/Trema","Celtis/Trema","Trema-type orientalis",NA,NA,NA,NA,NA,NA,NA,NA,NA,NA,NA
"219",2,"FC300","Anthocleista","Anthocleista grandiflora",NA,NA,"Anthocleista grandiflora","Anthocleista grandiflora-type",NA,NA,NA,NA,NA,NA,NA,NA,NA,NA,NA,NA,NA
"220",2,"FC300","Borassus","Borassus_Hyphaene",NA,NA,"Borassus_Hyphaene","Borassus/Hyphaene","Borassus-type aethiopum",NA,NA,NA,NA,NA,NA,NA,NA,NA,NA,NA,NA
"221",2,"FC300","Hannoa","Hannoa",NA,NA,"Hannoa","Hannoa","Hannoa klaineana-type","Hannoa undulata-type",NA,NA,NA,NA,NA,NA,NA,NA,NA,NA,NA
"222",2,"FC300","Lannea","Lannea_Sclerocarya",NA,NA,"Lannea_Sclerocarya","Lannea/Sclerocarya","Lannea-type","Lannea-type acida",NA,NA,NA,NA,NA,NA,NA,NA,NA,NA,NA
"223",2,"FC300","Pouteria","Pouteria",NA,NA,"Pouteria","Pouteria-type","Pouteria-type adolfi-friedericii",NA,NA,NA,NA,NA,NA,NA,NA,NA,NA,NA,NA
"224",2,"FC300","Zizyphus","Zizyphus",NA,NA,"Zizyphus","Ziziphus-type",NA,NA,NA,NA,NA,NA,NA,NA,NA,NA,NA,NA,NA
"225",2,"FC300","Gramineae","Gramineae Undiff.",NA,NA,"Gramineae Undiff.","Poaceae undiff.",NA,"Poaceae undiff.","Poaceae undiff.",NA,"Poaceae undiff.","Poaceae undiff.","Poaceae undiff.","Poaceae undiff.","Poaceae undiff.",NA,NA,NA,NA
"226",2,"FC300","Celastraceae","Celastraceae_Hippocrateaceae undiff.",NA,NA,"Celastraceae_Hippocrateaceae undiff.","Celastraceae undiff.","Celastraceae/Hippocrateaceae undiff.",NA,NA,NA,NA,NA,NA,NA,NA,NA,NA,NA,NA
"227",2,"FC300","Tiliacora","Stephania_Tiliacora",NA,NA,"Stephania_Tiliacora","Tiliacora-type","Tiliacora-type funifera",NA,NA,NA,NA,NA,NA,NA,NA,NA,NA,NA,NA
"228",2,"FC300","Annonaceae","Annonaceae Undiff.",NA,NA,"Annonaceae Undiff.","Annonaceae undiff.",NA,NA,NA,NA,NA,NA,NA,NA,NA,NA,NA,NA,NA
"229",2,"FC300","Malvaceae","Malvaceae - Tiliaceae undiff.",NA,NA,"Malvaceae - Tiliaceae undiff.","Malvaceae undiff.",NA,NA,NA,NA,NA,NA,NA,NA,NA,NA,NA,NA,NA
"230",2,"FC300","Palmae","Palmae Undiff.",NA,NA,"Palmae Undiff.","Palmae undiff.",NA,NA,NA,NA,NA,NA,NA,NA,NA,NA,NA,NA,NA
"231",2,"FC300","Rubiaceae","Rubiaceae undiff.",NA,NA,"Rubiaceae undiff.","Rubiaceae undiff.",NA,NA,NA,NA,NA,NA,NA,NA,NA,NA,NA,NA,NA
"232",2,"FC300","Indet","Indeterminate/NID",NA,NA,"Indeterminate/NID","Indeterminable",NA,NA,NA,NA,NA,NA,NA,NA,NA,NA,NA,NA,NA
"233",2,"FC300","volume","volume (ml)",NA,NA,"volume (ml)",NA,NA,NA,NA,NA,NA,NA,NA,NA,NA,NA,NA,NA,NA
"234",2,"FC300","Lyco_added","Lycopodium added",NA,NA,"Lycopodium added",NA,NA,NA,NA,NA,NA,NA,NA,NA,NA,NA,NA,NA,NA
"235",2,"FC300","Lyco_count","Lycopodium (tracer)",NA,NA,"Lycopodium (tracer)",NA,NA,NA,NA,NA,NA,NA,NA,NA,NA,NA,NA,NA,NA
"236",3,"FC400","Afzelia","Afzelia",NA,NA,"Afzelia","Afzelia","Afzelia africana-type",NA,NA,NA,NA,NA,NA,NA,NA,NA,NA,NA,NA
"237",3,"FC400","Apiaceae","Apiaceae undiff.",NA,NA,"Apiaceae undiff.","Apiaceae undiff.",NA,NA,NA,NA,NA,NA,NA,NA,NA,NA,NA,NA,NA
"238",3,"FC400","Balanites","Balanites",NA,NA,"Balanites","Balanites","Balanites aegyptiaca-type","Balanites rotundifolia-type",NA,NA,NA,NA,NA,NA,NA,NA,NA,NA,NA
"239",3,"FC400","Barleria","Barleria",NA,NA,"Barleria","Barleria",NA,NA,NA,NA,NA,NA,NA,NA,NA,NA,NA,NA,NA
"240",3,"FC400","Bucholzia","Bucholzia",NA,NA,"Bucholzia","Buchholzia",NA,NA,NA,NA,NA,NA,NA,NA,NA,NA,NA,NA,NA
"241",3,"FC400","Capparis","Capparis",NA,NA,"Capparis","Capparis","Capparis cartilaginea-type","Capparis decidua-type","Capparis erythrocarpos-type","Capparis fascicularis-type","Capparis sepiaria-type","Capparis tomentosa-type",NA,NA,NA,NA,NA,NA,NA
"242",3,"FC400","Commiphora","Commiphora",NA,NA,"Commiphora","Commiphora","Commiphora africana-type","Commiphora edulis-type","Commiphora madagascarensis-type","Commiphora mildbraedii-type",NA,NA,NA,NA,NA,NA,NA,NA,NA
"243",3,"FC400","Daniella","Daniella",NA,NA,"Daniella","Daniellia",NA,NA,NA,NA,NA,NA,NA,NA,NA,NA,NA,NA,NA
"244",3,"FC400","Detarium","Detarium",NA,NA,"Detarium","Detarium","Detarium senegalense-type",NA,NA,NA,NA,NA,NA,NA,NA,NA,NA,NA,NA
"245",3,"FC400","Dichrostachys","Dichrostachys",NA,NA,"Dichrostachys","Dichrostachys","Dichrostachys cinerea-type",NA,NA,NA,NA,NA,NA,NA,NA,NA,NA,NA,NA
"246",3,"FC400","Euphorbia","Elaeophorbia/Euphorbia",NA,NA,"Elaeophorbia/Euphorbia","Euphorbiaceae undiff.","Euphorbia-type","Euphorbia-type abyssinica","Euphorbia-type acalyphoides","Euphorbia-type forskalii","Euphorbia-type glomerifica","Euphorbia-type hirta","Euphorbia-type indica","Euphorbia-type pulcherrima","Euphorbia-type terracina","Euphorbia-type tirucalli",NA,NA,NA
"247",3,"FC400","Erythrococca","Erythrococca/Micrococca",NA,NA,"Erythrococca/Micrococca","Erythrococca-type","Erythrococca-type africana",NA,NA,NA,NA,NA,NA,NA,NA,NA,NA,NA,NA
"248",3,"FC400","Fabaceae","Fabaceae - Mimosoideae Undiff.",NA,NA,"Fabaceae - Mimosoideae Undiff.","Fabaceae undiff.",NA,NA,NA,NA,NA,NA,NA,NA,NA,NA,NA,NA,NA
"249",3,"FC400","Hildegardia","Hildegardia",NA,NA,"Hildegardia","Hildegardia-type barteri",NA,NA,NA,NA,NA,NA,NA,NA,NA,NA,NA,NA,NA
"250",3,"FC400","Holoptela","Holoptela grandis",NA,NA,"Holoptela grandis",NA,NA,NA,NA,NA,NA,NA,NA,NA,NA,NA,NA,NA,NA
"251",3,"FC400","Psydrax","Keetia/Psydrax",NA,NA,"Keetia/Psydrax","Psydrax-type arnoldiana","Psydrax-type schimperiana","Psydrax-type subcordata",NA,NA,NA,NA,NA,NA,NA,NA,NA,NA,NA
"252",3,"FC400","Lamiaceae","Lamiaceae undiff.",NA,NA,"Lamiaceae undiff.","Lamiaceae undiff.",NA,NA,NA,NA,NA,NA,NA,NA,NA,NA,NA,NA,NA
"253",3,"FC400","Leptaulus","Leptaulus",NA,NA,"Leptaulus","Leptaulus","Leptaulus daphnoides-type",NA,NA,NA,NA,NA,NA,NA,NA,NA,NA,NA,NA
"254",3,"FC400","Napoleona","Napoleona",NA,NA,"Napoleona","Napoleonaea-type",NA,NA,NA,NA,NA,NA,NA,NA,NA,NA,NA,NA,NA
"255",3,"FC400","Ochna","Ochna",NA,NA,"Ochna","Ochna","Ochnaceae undiff.",NA,NA,NA,NA,NA,NA,NA,NA,NA,NA,NA,NA
"256",3,"FC400","Oleaceae","Oleaceae undiff.",NA,NA,"Oleaceae undiff.","Oleaceae undiff.",NA,NA,NA,NA,NA,NA,NA,NA,NA,NA,NA,NA,NA
"257",3,"FC400","Oncoba","Oncoba dentata",NA,NA,"Oncoba dentata","Oncoba",NA,NA,NA,NA,NA,NA,NA,NA,NA,NA,NA,NA,NA
"258",3,"FC400","Piliostigma","Piliostigma",NA,NA,"Piliostigma","Piliostigma","Piliostigma reticulatum-type","Piliostigma thonningii-type",NA,NA,NA,NA,NA,NA,NA,NA,NA,NA,NA
"259",3,"FC400","Securidaca","Polygala/Securidaca",NA,NA,"Polygala/Securidaca","Securidaca-type",NA,NA,NA,NA,NA,NA,NA,NA,NA,NA,NA,NA,NA
"260",3,"FC400","Adenia","Adenia",NA,NA,"Adenia","Adenia","Adenia lobata-type","Adenia venenata-type",NA,NA,NA,NA,NA,NA,NA,NA,NA,NA,NA
"261",3,"FC400","Caryophyllaceae","Caryophyllaceae undiff.",NA,NA,"Caryophyllaceae undiff.","Aizoaceae/Caryophyllaceae undiff.","Amaranthaceae/Caryophyllaceae undiff.","Amaranthaceae/Chenopodiaceae/Caryophyllaceae undiff.","Caryophyllaceae undiff.",NA,NA,NA,NA,NA,NA,NA,NA,NA,NA
"262",3,"FC400","Convolvulaceae","Convolvulaceae Undiff.",NA,NA,"Convolvulaceae Undiff.","Convolvulaceae undiff.",NA,NA,NA,NA,NA,NA,NA,NA,NA,NA,NA,NA,NA
"263",3,"FC400","Indigofera","Indigofera",NA,NA,"Indigofera","Indigofera","Indigofera aspera-type","Indigofera congolensis-type","Indigofera microcarpa-type","Indigofera paniculata-type","Indigofera schimperi-type","Indigofera stenophylla-type",NA,NA,NA,NA,NA,NA,NA
"264",3,"FC400","Justicia","Justicia-type",NA,NA,"Justicia-type","Justicia-type","Justicia-type betonica","Justicia-type caerulea","Justicia-type flava","Justicia-type insularis","Justicia-type odora","Justicia-type schimperiana",NA,NA,NA,NA,NA,NA,NA
"265",3,"FC400","Lotus","Lotus",NA,NA,"Lotus","Lotus","Lotus arabicus-type",NA,NA,NA,NA,NA,NA,NA,NA,NA,NA,NA,NA
"266",3,"FC400","Peperomia","Peperomia",NA,NA,"Peperomia","Peperomia",NA,NA,NA,NA,NA,NA,NA,NA,NA,NA,NA,NA,NA
"267",3,"FC400","Polycarpaea","Polycarpaea-type",NA,NA,"Polycarpaea-type","Polycarpaea-type","Polycarpaea-type repens",NA,NA,NA,NA,NA,NA,NA,NA,NA,NA,NA,NA
"268",3,"FC400","Scrophulariaceae","Scrophulariaceae undiff.",NA,NA,"Scrophulariaceae undiff.","Scrophulariaceae undiff.",NA,NA,NA,NA,NA,NA,NA,NA,NA,NA,NA,NA,NA
"269",3,"FC400","Sesamum","Sesamum",NA,NA,"Sesamum","Sesamum",NA,NA,NA,NA,NA,NA,NA,NA,NA,NA,NA,NA,NA
"270",3,"FC400","Trichodesma","Trichodesma",NA,NA,"Trichodesma","Trichodesma","Trichodesma africanum-type","Trichodesma zeylanicum-type",NA,NA,NA,NA,NA,NA,NA,NA,NA,NA,NA
"271",3,"FC400","Crinium","Crinium sp.",NA,NA,"Crinium sp.",NA,NA,NA,NA,NA,NA,NA,NA,NA,NA,NA,NA,NA,NA
"272",3,"FC400","Bassiea","Bassiea",NA,NA,"Bassiea",NA,NA,NA,NA,NA,NA,NA,NA,NA,NA,NA,NA,NA,NA
"273",3,"FC400","Cardiospermum","Cardiospermum",NA,NA,"Cardiospermum","Cardiospermum","Cardiospermum halicacabum-type",NA,NA,NA,NA,NA,NA,NA,NA,NA,NA,NA,NA
"274",3,"FC400","Illigera","Illigera",NA,NA,"Illigera",NA,NA,NA,NA,NA,NA,NA,NA,NA,NA,NA,NA,NA,NA
"275",3,"FC400","Malpighiaceae","Malpighiaceae undiff.",NA,NA,"Malpighiaceae undiff.","Malpighiaceae undiff.",NA,NA,NA,NA,NA,NA,NA,NA,NA,NA,NA,NA,NA
"276",3,"FC400","Sabicea","Sabicea",NA,NA,"Sabicea","Sabicea",NA,NA,NA,NA,NA,NA,NA,NA,NA,NA,NA,NA,NA
"277",3,"FC400","Tylophora","Tylophora",NA,NA,"Tylophora",NA,NA,NA,NA,NA,NA,NA,NA,NA,NA,NA,NA,NA,NA
"278",3,"FC400","Aidia","Aidia/Catunaregam",NA,NA,"Aidia/Catunaregam","Aidia-type","Aidia-type micrantha",NA,NA,NA,NA,NA,NA,NA,NA,NA,NA,NA,NA
"279",3,"FC400","Cathormion","Albizia/Cathormion",NA,NA,"Albizia/Cathormion","Cathormion-type altissimum",NA,NA,NA,NA,NA,NA,NA,NA,NA,NA,NA,NA,NA
"280",3,"FC400","Landolphia","Alstonia/Landolphia",NA,NA,"Alstonia/Landolphia","Landolphia-type",NA,NA,NA,NA,NA,NA,NA,NA,NA,NA,NA,NA,NA
"281",3,"FC400","Aneulophus","Aneulophus",NA,NA,"Aneulophus",NA,NA,NA,NA,NA,NA,NA,NA,NA,NA,NA,NA,NA,NA
"282",3,"FC400","Anthostema","Anthostema",NA,NA,"Anthostema","Anthostema-type","Anthostema-type aubryanum","Anthostema-type senegalense",NA,NA,NA,NA,NA,NA,NA,NA,NA,NA,NA
"283",3,"FC400","Aphania","Aphania/Lecaniodiscus",NA,NA,"Aphania/Lecaniodiscus","Aphania-type senegalensis","Lecaniodiscus/Aphania senegalensis",NA,NA,NA,NA,NA,NA,NA,NA,NA,NA,NA,NA
"284",3,"FC400","Baphia","Baphia/Millettia",NA,NA,"Baphia/Millettia","Baphia/Millettia",NA,NA,NA,NA,NA,NA,NA,NA,NA,NA,NA,NA,NA
"285",3,"FC400","Canarium","Canarium schweinfurthii",NA,NA,"Canarium schweinfurthii","Canarium-type",NA,NA,NA,NA,NA,NA,NA,NA,NA,NA,NA,NA,NA
"286",3,"FC400","Centroplacus","Centroplacus glaucinus",NA,NA,"Centroplacus glaucinus","Centroplacus glaucinus",NA,NA,NA,NA,NA,NA,NA,NA,NA,NA,NA,NA,NA
"287",3,"FC400","Connaraceae","Connaraceae undiff.",NA,NA,"Connaraceae undiff.","Connaraceae undiff.",NA,NA,NA,NA,NA,NA,NA,NA,NA,NA,NA,NA,NA
"288",3,"FC400","Cordia","Cordia",NA,NA,"Cordia","Cordia","Cordia africana-type","Cordia platythyrsa-type","Cordia senegalensis-type","Cordia sinensis-type",NA,NA,NA,NA,NA,NA,NA,NA,NA
"289",3,"FC400","Crudia","Crudia/Anthonotha/Microberlinia",NA,NA,"Crudia/Anthonotha/Microberlinia","Crudia-type","Crudia-type gabonensis","Crudia-type klainei",NA,NA,NA,NA,NA,NA,NA,NA,NA,NA,NA
"290",3,"FC400","Dasylepis","Dasylepis",NA,NA,"Dasylepis",NA,NA,NA,NA,NA,NA,NA,NA,NA,NA,NA,NA,NA,NA
"291",3,"FC400","Dialium","Dialium",NA,NA,"Dialium","Dialium","Dialium dinklagei-type","Dialium guineense-type","Dialium pachyphyllum-type",NA,NA,NA,NA,NA,NA,NA,NA,NA,NA
"292",3,"FC400","Dichapetalum","Dichapetalum",NA,NA,"Dichapetalum","Dichapetalum","Dichapetalum heudelotii-type",NA,NA,NA,NA,NA,NA,NA,NA,NA,NA,NA,NA
"293",3,"FC400","Dicranolepis","Dicranolepis",NA,NA,"Dicranolepis","Dicranolepis-type",NA,NA,NA,NA,NA,NA,NA,NA,NA,NA,NA,NA,NA
"294",3,"FC400","Drypetes","Drypetes/Shirakia",NA,NA,"Drypetes/Shirakia","Drypetes-type","Drypetes-type afzelii","Drypetes-type caustica","Drypetes-type floribunda","Drypetes-type gilgiana","Drypetes-type gossweileri","Drypetes-type laciniata","Drypetes-type molunduana",NA,NA,NA,NA,NA,NA
"295",3,"FC400","Eremospatha","Eremospatha",NA,NA,"Eremospatha","Eremospatha",NA,NA,NA,NA,NA,NA,NA,NA,NA,NA,NA,NA,NA
"296",3,"FC400","Eriocoelum","Eriocoelum",NA,NA,"Eriocoelum","Eriocoelum","Eriocoelum macrocarpum-type",NA,NA,NA,NA,NA,NA,NA,NA,NA,NA,NA,NA
"297",3,"FC400","Funtumia","Funtumia/Holarrhena/Strophanthus",NA,NA,"Funtumia/Holarrhena/Strophanthus","Funtumia-type","Funtumia-type africana",NA,NA,NA,NA,NA,NA,NA,NA,NA,NA,NA,NA
"298",3,"FC400","Gaertnera","Gaertnera",NA,NA,"Gaertnera","Gaertnera","Gaertnera paniculata-type",NA,NA,NA,NA,NA,NA,NA,NA,NA,NA,NA,NA
"299",3,"FC400","Garcinia","Garcinia",NA,NA,"Garcinia","Garcinia","Garcinia epunctata-type","Garcinia gnetoides-type","Garcinia granulata-type","Garcinia kola-type","Garcinia livingstonei-type","Garcinia volkensii-type","Garcinia staudtii-type",NA,NA,NA,NA,NA,NA
"300",3,"FC400","Guibourtia","Guibourtia",NA,NA,"Guibourtia","Guibourtia","Guibourtia demeusei-type",NA,NA,NA,NA,NA,NA,NA,NA,NA,NA,NA,NA
"301",3,"FC400","Icacinaceae","Icacinaceae undiff.",NA,NA,"Icacinaceae undiff.","Icacinaceae undiff.",NA,NA,NA,NA,NA,NA,NA,NA,NA,NA,NA,NA,NA
"302",3,"FC400","Ixora","Ixora-type",NA,NA,"Ixora-type","Ixora-type","Ixora-type brachypoda",NA,NA,NA,NA,NA,NA,NA,NA,NA,NA,NA,NA
"303",3,"FC400","Kirkia","Kirkia",NA,NA,"Kirkia","Kirkia",NA,NA,NA,NA,NA,NA,NA,NA,NA,NA,NA,NA,NA
"304",3,"FC400","Laccosperma","Laccosperma",NA,NA,"Laccosperma","Laccosperma","Laccosperma opacum-type","Laccosperma secundiflorum-type",NA,NA,NA,NA,NA,NA,NA,NA,NA,NA,NA
"305",3,"FC400","Pterocarpus","Machaerium/Ormocarpum/Pterocarpus",NA,NA,"Machaerium/Ormocarpum/Pterocarpus","Pterocarpus-type","Pterocarpus-type angolensis","Pterocarpus-type erinaceus","Pterocarpus-type lucens","Pterocarpus-type santalinoides",NA,NA,NA,NA,NA,NA,NA,NA,NA
"306",3,"FC400","Martretia","Martretia",NA,NA,"Martretia","Martretia quadricornis",NA,NA,NA,NA,NA,NA,NA,NA,NA,NA,NA,NA,NA
"307",3,"FC400","Medusandra","Medusandra",NA,NA,"Medusandra",NA,NA,NA,NA,NA,NA,NA,NA,NA,NA,NA,NA,NA,NA
"308",3,"FC400","Ongokea","Ongokea gore",NA,NA,"Ongokea gore","Ongokea gore",NA,NA,NA,NA,NA,NA,NA,NA,NA,NA,NA,NA,NA
"309",3,"FC400","Panda","Panda oleosa",NA,NA,"Panda oleosa","Panda oleosa",NA,NA,NA,NA,NA,NA,NA,NA,NA,NA,NA,NA,NA
"310",3,"FC400","Parinari","Parinari",NA,NA,"Parinari","Chrysobalanus icaco/Parinari","Parinari-type",NA,NA,NA,NA,NA,NA,NA,NA,NA,NA,NA,NA
"311",3,"FC400","Paullinia","Paullinia",NA,NA,"Paullinia","Paullinia pinnata",NA,NA,NA,NA,NA,NA,NA,NA,NA,NA,NA,NA,NA
"312",3,"FC400","Podocarpus","Podocarpus",NA,NA,"Podocarpus","Podocarpus","Podocarpus falcatus-type","Podocarpus gracilior-type","Podocarpus latifolius-type","Podocarpus milanjianus-type",NA,NA,NA,NA,NA,NA,NA,NA,NA
"313",3,"FC400","Protea","Protea-type",NA,NA,"Protea-type","Protea-type","Protea-type welwitschii",NA,NA,NA,NA,NA,NA,NA,NA,NA,NA,NA,NA
"314",3,"FC400","Psychotria","Psychotria",NA,NA,"Psychotria","Psychotria","Psychotria amboniana-type",NA,NA,NA,NA,NA,NA,NA,NA,NA,NA,NA,NA
"315",3,"FC400","Rapanea","Rapanea",NA,NA,"Rapanea","Rapanea","Rapanea melanophloeos-type",NA,NA,NA,NA,NA,NA,NA,NA,NA,NA,NA,NA
"316",3,"FC400","Santiria","Santiria",NA,NA,"Santiria","Santiria-type","Santiria-type trimera",NA,NA,NA,NA,NA,NA,NA,NA,NA,NA,NA,NA
"317",3,"FC400","Strombosia","Strombosia",NA,NA,"Strombosia","Heisteria/Strombosia","Strombosia","Strombosia scheffleri-type",NA,NA,NA,NA,NA,NA,NA,NA,NA,NA,NA
"318",3,"FC400","Strombosiopsis","Strombosiopsis",NA,NA,"Strombosiopsis","Strombosiopsis tetrandra","Strombosiopsis tetrandra ",NA,NA,NA,NA,NA,NA,NA,NA,NA,NA,NA,NA
"319",3,"FC400","Symphonia","Symphonia globulifera",NA,NA,"Symphonia globulifera","Symphonia globulifera",NA,NA,NA,NA,NA,NA,NA,NA,NA,NA,NA,NA,NA
"320",3,"FC400","Tabernaemontana","Tabernaemontana",NA,NA,"Tabernaemontana","Tabernaemontana","Tabernaemontana crassa-type",NA,NA,NA,NA,NA,NA,NA,NA,NA,NA,NA,NA
"321",3,"FC400","Vepris","Teclea/Vepris",NA,NA,"Teclea/Vepris","Vepris-type","Vepris-type dainellii","Vepris-type nobilis","Vepris-type trichocarpa",NA,NA,NA,NA,NA,NA,NA,NA,NA,NA
"322",3,"FC400","Tessmannia","Tessmannia",NA,NA,"Tessmannia","Tessmannia",NA,NA,NA,NA,NA,NA,NA,NA,NA,NA,NA,NA,NA
"323",3,"FC400","Tetracera","Tetracera",NA,NA,"Tetracera","Tetracera","Tetracera affinis-type","Tetracera alnifolia-type","Tetracera potatoria-type",NA,NA,NA,NA,NA,NA,NA,NA,NA,NA
"324",3,"FC400","Tetrapleura","Tetrapleura",NA,NA,"Tetrapleura","Tetrapleura","Tetrapleura tetraptera-type",NA,NA,NA,NA,NA,NA,NA,NA,NA,NA,NA,NA
"325",3,"FC400","Tricoscypha","Tricoscypha/Sorindeia-type juglandifolia",NA,NA,"Tricoscypha/Sorindeia-type juglandifolia",NA,NA,NA,NA,NA,NA,NA,NA,NA,NA,NA,NA,NA,NA
"326",3,"FC400","Turraeanthus","Turraeanthus",NA,NA,"Turraeanthus",NA,NA,NA,NA,NA,NA,NA,NA,NA,NA,NA,NA,NA,NA
"327",3,"FC400","Ulmaceae","Ulmaceae undiff.",NA,NA,"Ulmaceae undiff.","Ulmaceae undiff.",NA,NA,NA,NA,NA,NA,NA,NA,NA,NA,NA,NA,NA
"328",3,"FC400","Xylia","Xylia-type",NA,NA,"Xylia-type","Xylia-type","Xylia-type schliebenii",NA,NA,NA,NA,NA,NA,NA,NA,NA,NA,NA,NA
"329",3,"FC400","Mangifera","Mangifera type",NA,NA,"Mangifera type","Mangifera indica",NA,NA,NA,NA,NA,NA,NA,NA,NA,NA,NA,NA,NA
"330",3,"FC400","Morinda","Morinda lucida-type",NA,NA,"Morinda lucida-type","Morinda lucida-type",NA,NA,NA,NA,NA,NA,NA,NA,NA,NA,NA,NA,NA
"331",3,"FC400","Premna","Premna",NA,NA,"Premna","Premna-type",NA,NA,NA,NA,NA,NA,NA,NA,NA,NA,NA,NA,NA
"332",3,"FC400","Rumex","Rumex",NA,NA,"Rumex","Rumex","Rumex vesicarius-type",NA,NA,NA,NA,NA,NA,NA,NA,NA,NA,NA,NA
"333",3,"FC400","Salvadora","Salvadora",NA,NA,"Salvadora","Loganiaceae/Salvadoraceae undiff.","Salvadora","Salvadora persica-type","Salvadoraceae undiff.","Salvadora/Nuxia","Zygophyllaceae/Salvadoraceae undiff.",NA,NA,NA,NA,NA,NA,NA,NA
"334",3,"FC400","Spathodea","Spathodea",NA,NA,"Spathodea","Spathodea-type campanulata",NA,NA,NA,NA,NA,NA,NA,NA,NA,NA,NA,NA,NA
"335",3,"FC400","Tephrosia","Tephrosia",NA,NA,"Tephrosia","Tephrosia","Tephrosia uniflora-type",NA,NA,NA,NA,NA,NA,NA,NA,NA,NA,NA,NA
"336",3,"FC400","Brachystegia","Brachystegia",NA,NA,"Brachystegia","Brachystegia","Brachystegia eurycoma-type","Brachystegia zenkeri-type",NA,NA,NA,NA,NA,NA,NA,NA,NA,NA,NA
"337",3,"FC400","Calamus","Calamus",NA,NA,"Calamus","Calamus deerratus",NA,NA,NA,NA,NA,NA,NA,NA,NA,NA,NA,NA,NA
"338",3,"FC400","Casaeria","Casaeria",NA,NA,"Casaeria",NA,NA,NA,NA,NA,NA,NA,NA,NA,NA,NA,NA,NA,NA
"339",3,"FC400","Craterispermum","Craterispermum",NA,NA,"Craterispermum","Craterispermum","Craterispermum laurinum-type","Craterispermum schweinfurthii-type",NA,NA,NA,NA,NA,NA,NA,NA,NA,NA,NA
"340",3,"FC400","Dichostemma","Dichostemma",NA,NA,"Dichostemma","Dichostemma-type glaucescens",NA,NA,NA,NA,NA,NA,NA,NA,NA,NA,NA,NA,NA
"341",3,"FC400","Manilkara","Manilkara-type",NA,NA,"Manilkara-type","Manilkara-type","Manilkara-type butugii","Manilkara-type obovata",NA,NA,NA,NA,NA,NA,NA,NA,NA,NA,NA
"342",3,"FC400","Rinorea","Rinorea",NA,NA,"Rinorea","Rinorea",NA,NA,NA,NA,NA,NA,NA,NA,NA,NA,NA,NA,NA
"343",3,"FC400","Spondias","Spondias",NA,NA,"Spondias","Spondias","Spondias monbin-type",NA,NA,NA,NA,NA,NA,NA,NA,NA,NA,NA,NA
"344",3,"FC400","Ericaceae","Ericaceae undiff.",NA,NA,"Ericaceae undiff.","Ericaceae undiff.",NA,NA,NA,NA,NA,NA,NA,NA,NA,NA,NA,NA,NA
"345",3,"FC400","Phyllantheae","Phyllantheae undiff.",NA,NA,"Phyllantheae undiff.","Phyllantheae undiff.",NA,NA,NA,NA,NA,NA,NA,NA,NA,NA,NA,NA,NA
"346",3,"FC400","Rutaceae","Rutaceae undiff.",NA,NA,"Rutaceae undiff.","Rutaceae undiff.",NA,NA,NA,NA,NA,NA,NA,NA,NA,NA,NA,NA,NA
"347",3,"FC400","Tiliaceae","Tiliaceae undiff.",NA,NA,"Tiliaceae undiff.","Tiliaceae undiff.",NA,NA,NA,NA,NA,NA,NA,NA,NA,NA,NA,NA,NA
"348",3,"FC400","Blighia","Blighia",NA,NA,"Blighia","Blighia","Blighia sapida-type","Blighia unijugata-type",NA,NA,NA,NA,NA,NA,NA,NA,NA,NA,NA
"349",3,"FC400","Bridelia","Bridelia/Cleistanthus",NA,NA,"Bridelia/Cleistanthus","Bridelia ferruginea-type","Bridelia micrantha-type","Bridelia-type","Bridelia-type scleroneura",NA,NA,NA,NA,NA,NA,NA,NA,NA,NA
"350",3,"FC400","Sterculia","Cola/Sterculia",NA,NA,"Cola/Sterculia","Sterculiaceae undiff.","Sterculia-type","Sterculia-type setigera",NA,NA,NA,NA,NA,NA,NA,NA,NA,NA,NA
"351",3,"FC400","Diospyros","Diospyros",NA,NA,"Diospyros","Diospyros","Diospyros mespiliformis-type",NA,NA,NA,NA,NA,NA,NA,NA,NA,NA,NA,NA
"352",3,"FC400","Dracaena","Dracaena",NA,NA,"Dracaena","Dracaena","Dracaena afromontana-type","Dracaena schizantha-type","Dracaena steudneri-type",NA,NA,NA,NA,NA,NA,NA,NA,NA,NA
"353",3,"FC400","Syzygium","Eugenia/Syzygium",NA,NA,"Eugenia/Syzygium","Eugenia/Syzygium",NA,NA,NA,NA,NA,NA,NA,NA,NA,NA,NA,NA,NA
"354",3,"FC400","Fabaceae.1","Fabaceae - Caesalpiniaceae undiff.",NA,NA,"Fabaceae - Caesalpiniaceae undiff.",NA,NA,NA,NA,NA,NA,NA,NA,NA,NA,NA,NA,NA,NA
"355",3,"FC400","Fagonia","Fagonia",NA,NA,"Fagonia","Fagonia","Fagonia zilloides-type",NA,NA,NA,NA,NA,NA,NA,NA,NA,NA,NA,NA
"356",3,"FC400","Ficus","Ficus",NA,NA,"Ficus","Ficus","Ficus barteri-type","Ficus lutea-type","Ficus lyrata-type","Ficus natalensis-type","Ficus pseudomangifera-type","Ficus sagittifolia-type",NA,NA,NA,NA,NA,NA,NA
"357",3,"FC400","Hymenocardia","Hymenocardia",NA,NA,"Hymenocardia","Hymenocardia","Hymenocardia acida-type","Hymenocardia ulmoides-type","Hymenocardia/Chaetacme aristata","Celtis/Hymenocardia",NA,NA,NA,NA,NA,NA,NA,NA,NA
"358",3,"FC400","Parkia","Parkia",NA,NA,"Parkia","Acacia/Parkia","Parkia","Parkia bicolor-type","Parkia biglobosa-type","Parkia multijuga-type",NA,NA,NA,NA,NA,NA,NA,NA,NA
"359",3,"FC400","Sessuvium","Sessuvium",NA,NA,"Sessuvium",NA,NA,NA,NA,NA,NA,NA,NA,NA,NA,NA,NA,NA,NA
"360",3,"FC400","Vitex","Vitex",NA,NA,"Vitex","Vitex-type","Vitex-type doniana","Vitex-type grandifolia",NA,NA,NA,NA,NA,NA,NA,NA,NA,NA,NA
"361",3,"FC400","Brassicaceae","Brassicaceae Undiff.",NA,NA,"Brassicaceae Undiff.","Brassicaceae undiff.","Oleaceae/Brassicaceae undiff.",NA,NA,NA,NA,NA,NA,NA,NA,NA,NA,NA,NA
"362",3,"FC400","Gramineae","Gramineae Undiff.",NA,NA,"Gramineae Undiff.","Poaceae undiff.",NA,"Poaceae undiff.","Poaceae undiff.",NA,"Poaceae undiff.","Poaceae undiff.","Poaceae undiff.","Poaceae undiff.","Poaceae undiff.",NA,NA,NA,NA
"363",3,"FC400","Heliotropium","Heliotropium",NA,NA,"Heliotropium","Heliotropium","Heliotropium indicum-type","Heliotropium luteum-type","Heliotropium ovalifolium-type","Heliotropium ramosissimum-type","Heliotropium steudneri-type","Heliotropium strigosum-type","Heliotropium sudanicum-type",NA,NA,NA,NA,NA,NA
"364",3,"FC400","Plantago","Plantago",NA,NA,"Plantago","Plantago","Plantago afra-type","Plantago africana-type","Plantago amplexicaulis-type","Plantago ciliata-type","Plantago coronopus-type","Plantago lanceolata-type","Plantago media-type",NA,NA,NA,NA,NA,NA
"365",3,"FC400","Cyperaceae","Cyperaceae undiff.",NA,NA,"Cyperaceae undiff.","Cyperaceae undiff.",NA,NA,NA,NA,NA,NA,NA,NA,NA,NA,NA,NA,NA
"366",3,"FC400","Nymphaea","Nymphaea",NA,NA,"Nymphaea","Nymphaea","Nymphaea guineensis-type","Nymphaea lotus-type","Nymphaea micrantha-type","Nymphaea nouchali-type",NA,NA,NA,NA,NA,NA,NA,NA,NA
"367",3,"FC400","Typha","Typha",NA,NA,"Typha","Typha","Typha domingensis-type","Typha latifolia-type","Typha minima-type","Typha/Sparganium",NA,NA,NA,NA,NA,NA,NA,NA,NA
"368",3,"FC400","Xyris","Xyris",NA,NA,"Xyris","Xyris","Xyris decipiens-type",NA,NA,NA,NA,NA,NA,NA,NA,NA,NA,NA,NA
"369",3,"FC400","Celastraceae","Celastraceae/Hippocrateaceae undiff.",NA,NA,"Celastraceae/Hippocrateaceae undiff.","Celastraceae/Hippocrateaceae undiff.",NA,NA,NA,NA,NA,NA,NA,NA,NA,NA,NA,NA,NA
"370",3,"FC400","Tiliacora","Stephania/Tiliacora",NA,NA,"Stephania/Tiliacora","Tiliacora-type","Tiliacora-type funifera",NA,NA,NA,NA,NA,NA,NA,NA,NA,NA,NA,NA
"371",3,"FC400","Dacryodes","Boswellia/Dacryodes",NA,NA,"Boswellia/Dacryodes","Dacryodes-type","Dacryodes-type edulis",NA,NA,NA,NA,NA,NA,NA,NA,NA,NA,NA,NA
"372",3,"FC400","Mammea","Mammea-type",NA,NA,"Mammea-type","Mammea africana-type","Mammea/Pentadesma",NA,NA,NA,NA,NA,NA,NA,NA,NA,NA,NA,NA
"373",3,"FC400","Antiaris","Antiaris/Milicia/Morus",NA,NA,"Antiaris/Milicia/Morus","Antiaris toxicaria/Milicia","Antiaris-type toxicaria",NA,NA,NA,NA,NA,NA,NA,NA,NA,NA,NA,NA
"374",3,"FC400","Thecacoris","Antidesma/Thecacoris",NA,NA,"Antidesma/Thecacoris","Thecacoris-type","Thecacoris-type leptobotrya","Thecacoris-type stenopetala",NA,NA,NA,NA,NA,NA,NA,NA,NA,NA,NA
"375",3,"FC400","Croton","Croton/Crotonogyne/Jatropha/Manniophyton/Neoboutonia",NA,NA,"Croton/Crotonogyne/Jatropha/Manniophyton/Neoboutonia","Croton/Jatropha","Croton/Neoboutonia","Crotoneae undiff.","Crotonogyne-type","Croton-type","Croton-type macrostachyus",NA,NA,NA,NA,NA,NA,NA,NA
"376",3,"FC400","Meliaceae","Meliaceae undiff.",NA,NA,"Meliaceae undiff.","Meliaceae undiff.",NA,NA,NA,NA,NA,NA,NA,NA,NA,NA,NA,NA,NA
"377",3,"FC400","Nesogordonia","Nesogordonia",NA,NA,"Nesogordonia","Nesogordonia","Nesogordonia papaverifera-type",NA,NA,NA,NA,NA,NA,NA,NA,NA,NA,NA,NA
"378",3,"FC400","Olax","Olax",NA,NA,"Olax","Olax","Olax dissitiflora-type",NA,NA,NA,NA,NA,NA,NA,NA,NA,NA,NA,NA
"379",3,"FC400","Triplochiton","Triplochiton",NA,NA,"Triplochiton","Triplochiton","Triplochiton scleroxylon-type",NA,NA,NA,NA,NA,NA,NA,NA,NA,NA,NA,NA
"380",3,"FC400","Borassus","Borassus/Hyphaene",NA,NA,"Borassus/Hyphaene","Borassus/Hyphaene",NA,NA,NA,NA,NA,NA,NA,NA,NA,NA,NA,NA,NA
"381",3,"FC400","Elaeis","Elaeis guineensis",NA,NA,"Elaeis guineensis","Elaeis guineensis",NA,NA,NA,NA,NA,NA,NA,NA,NA,NA,NA,NA,NA
"382",3,"FC400","Palmae","Palmae Undiff.",NA,NA,"Palmae Undiff.","Palmae undiff.",NA,NA,NA,NA,NA,NA,NA,NA,NA,NA,NA,NA,NA
"383",3,"FC400","Phoenix","Phoenix",NA,NA,"Phoenix","Phoenix","Phoenix dactylifera-type","Phoenix reclinata-type",NA,NA,NA,NA,NA,NA,NA,NA,NA,NA,NA
"384",3,"FC400","Raphia","Raphia",NA,NA,"Raphia","Raphia","Raphia hookeri-type","Raphia vinifera-type",NA,NA,NA,NA,NA,NA,NA,NA,NA,NA,NA
"385",3,"FC400","Acacia","Acacia",NA,NA,"Acacia","Acacia","Acacia ehrenbergiana-type","Acacia etbaica-type","Acacia gummifera-type","Acacia horrida-type","Acacia mellifera-type","Acacia nilotica-type","Acacia oerfota-type","Acacia polyacantha-type","Acacia senegal-type","Acacia seyal-type","Acacia sieberiana-type","Acacia tortilis-type","Acacia/Parkia"
"386",3,"FC400","Alchornea","Alchornea",NA,NA,"Alchornea","Alchornea","Alchornea cordifolia-type","Alchornea hirtella-type",NA,NA,NA,NA,NA,NA,NA,NA,NA,NA,NA
"387",3,"FC400","Amaranthaceae","Amaranthaceae/Chenopodiaceae undiff.",NA,NA,"Amaranthaceae/Chenopodiaceae undiff.","Amaranthaceae/Chenopodiaceae undiff.",NA,NA,NA,NA,NA,NA,NA,NA,NA,NA,NA,NA,NA
"388",3,"FC400","Anthocleista","Anthocleista grandiflora",NA,NA,"Anthocleista grandiflora","Anthocleista grandiflora-type",NA,NA,NA,NA,NA,NA,NA,NA,NA,NA,NA,NA,NA
"389",3,"FC400","Asteraceae","Asteraceae",NA,NA,"Asteraceae","Asteraceae undiff.",NA,NA,NA,NA,NA,NA,NA,NA,NA,NA,NA,NA,NA
"390",3,"FC400","Bombax","Bombax",NA,NA,"Bombax","Bombax","Bombax buonopozense-type","Bombax costatum-type","Bombax rhodognaphalon-type",NA,NA,NA,NA,NA,NA,NA,NA,NA,NA
"391",3,"FC400","Ceiba","Ceiba pentandra",NA,NA,"Ceiba pentandra","Ceiba pentandra",NA,NA,NA,NA,NA,NA,NA,NA,NA,NA,NA,NA,NA
"392",3,"FC400","Nauclea","Corynanthe/Hallea/Hymenodictyon/Mitragyna inermis/Nauclea/Pausinystalia/Sarcocephalus/Uncaria",NA,NA,"Corynanthe/Hallea/Hymenodictyon/Mitragyna inermis/Nauclea/Pausinystalia/Sarcocephalus/Uncaria","Nauclea/Hymenodictyon","Nauclea/Mitragyna","Naucleae undiff.","Nauclea-type","Nauclea-type latifolia",NA,NA,NA,NA,NA,NA,NA,NA,NA
"393",3,"FC400","Hannoa","Hannoa",NA,NA,"Hannoa","Hannoa","Hannoa klaineana-type","Hannoa undulata-type",NA,NA,NA,NA,NA,NA,NA,NA,NA,NA,NA
"394",3,"FC400","Lannea","Lannea/Sclerocarya",NA,NA,"Lannea/Sclerocarya","Lannea/Sclerocarya",NA,NA,NA,NA,NA,NA,NA,NA,NA,NA,NA,NA,NA
"395",3,"FC400","Macaranga","Macaranga/Mallotus/Mareya",NA,NA,"Macaranga/Mallotus/Mareya","Macaranga-type","Macaranga-type barteri","Macaranga-type beillei","Macaranga-type capensis","Macaranga-type hurifolia","Macaranga-type monandra","Macaranga-type spinosa",NA,NA,NA,NA,NA,NA,NA
"396",3,"FC400","Pouteria","Pouteria",NA,NA,"Pouteria","Pouteria-type","Pouteria-type adolfi-friedericii",NA,NA,NA,NA,NA,NA,NA,NA,NA,NA,NA,NA
"397",3,"FC400","Trema","Trema",NA,NA,"Trema","Moraceae/Trema","Celtis/Trema","Trema-type orientalis",NA,NA,NA,NA,NA,NA,NA,NA,NA,NA,NA
"398",3,"FC400","Zizyphus","Zizyphus",NA,NA,"Zizyphus","Ziziphus-type",NA,NA,NA,NA,NA,NA,NA,NA,NA,NA,NA,NA,NA
"399",3,"FC400","Copaifera","Cassia/Cynometra/Erythrophleum/Copaifera/Monopetalanthus",NA,NA,"Cassia/Cynometra/Erythrophleum/Copaifera/Monopetalanthus","Copaifera-type","Copaifera-type salikounda",NA,NA,NA,NA,NA,NA,NA,NA,NA,NA,NA,NA
"400",3,"FC400","Entada","Entada/Prosopis/Piptadeniastrum",NA,NA,"Entada/Prosopis/Piptadeniastrum","Entada/Piptadeniastrum","Entada/Prosopis","Entada-type","Entada-type abyssinica","Entada-type gigas",NA,NA,NA,NA,NA,NA,NA,NA,NA
"401",3,"FC400","Gilbertiodendron","Gilbertiodendron/Isomacrolobium/Isoberlinia/Berlinia/Pelligriniodendron",NA,NA,"Gilbertiodendron/Isomacrolobium/Isoberlinia/Berlinia/Pelligriniodendron","Gilbertiodendron-type","Gilbertiodendron-type mayombense",NA,NA,NA,NA,NA,NA,NA,NA,NA,NA,NA,NA
"402",3,"FC400","Irvingia","Irvingia/Klainedoxa",NA,NA,"Irvingia/Klainedoxa","Irvingiaceae undiff.","Irvingia-type","Irvingia-type gabonensis",NA,NA,NA,NA,NA,NA,NA,NA,NA,NA,NA
"403",3,"FC400","Lophira","Lophira alata",NA,NA,"Lophira alata","Lophira alata-type",NA,NA,NA,NA,NA,NA,NA,NA,NA,NA,NA,NA,NA
"404",3,"FC400","Mimusops","Mimusops",NA,NA,"Mimusops","Mimusops-type","Mimusops-type kummel",NA,NA,NA,NA,NA,NA,NA,NA,NA,NA,NA,NA
"405",3,"FC400","Pandanus","Pandanus",NA,NA,"Pandanus","Pandanus","Pandanus candelabrum-type",NA,NA,NA,NA,NA,NA,NA,NA,NA,NA,NA,NA
"406",3,"FC400","Piptostigma","Piptostigma",NA,NA,"Piptostigma",NA,NA,NA,NA,NA,NA,NA,NA,NA,NA,NA,NA,NA,NA
"407",3,"FC400","Prunus","Prunus",NA,NA,"Prunus","Prunus","Prunus africana-type",NA,NA,NA,NA,NA,NA,NA,NA,NA,NA,NA,NA
"408",3,"FC400","Pseudospondias","Rhus/Anthrocaryon/Pseudospondias",NA,NA,"Rhus/Anthrocaryon/Pseudospondias","Pseudospondias-type","Pseudospondias-type microcarpa",NA,NA,NA,NA,NA,NA,NA,NA,NA,NA,NA,NA
"409",3,"FC400","Scaphopetalum","Scaphopetalum",NA,NA,"Scaphopetalum",NA,NA,NA,NA,NA,NA,NA,NA,NA,NA,NA,NA,NA,NA
"410",3,"FC400","Terminalia","Terminalia",NA,NA,"Terminalia","Combretum/Terminalia","Terminalia-type","Terminalia-type cattapa",NA,NA,NA,NA,NA,NA,NA,NA,NA,NA,NA
"411",3,"FC400","Uapaca","Uapaca",NA,NA,"Uapaca","Uapaca","Uapaca bojeri-type","Uapaca esculenta-type","Uapaca guineensis-type","Uapaca heudelotii-type","Uapaca kirkiana-type","Uapaca nitida-type","Uapaca paludosa-type","Uapaca staudtii-type","Uapaca togoensis-type","Uapaca robynsii-type",NA,NA,NA
"412",3,"FC400","Allophylus","Allophylus",NA,NA,"Allophylus","Faurea/Allophylus","Allophylus","Allophylus abyssinicus-type","Allophylus africanus-type","Allophylus/Protea","Allophylus/Protea/Faurea",NA,NA,NA,NA,NA,NA,NA,NA
"413",3,"FC400","Celtis","Celtis",NA,NA,"Celtis","Celtis","Celtis africana-type","Celtis australis-type","Celtis tessmannii-type","Celtis toka-type","Celtis/Holoptelea grandis","Celtis/Trema","Celtis/Hymenocardia",NA,NA,NA,NA,NA,NA
"414",3,"FC400","Myrianthus","Myrianthus/Musanga",NA,NA,"Myrianthus/Musanga","Musanga/Myrianthus",NA,NA,NA,NA,NA,NA,NA,NA,NA,NA,NA,NA,NA
"415",3,"FC400","Pycnanthus","Pycnanthus",NA,NA,"Pycnanthus","Pycnanthus","Pycnanthus angolensis-type",NA,NA,NA,NA,NA,NA,NA,NA,NA,NA,NA,NA
"416",3,"FC400","Tetrorchidium","Tetrorchidium",NA,NA,"Tetrorchidium","Tetrorchidium","Tetrorchidium congolense-type","Tetrorchidium didymostemon-type",NA,NA,NA,NA,NA,NA,NA,NA,NA,NA,NA
"417",3,"FC400","Zanthoxylum","Zanthoxylum",NA,NA,"Zanthoxylum","Zanthoxylum/Fagaropsis","Zanthoxylum-type","Zanthoxylum-type chalybeum","Zanthoxylum-type gilletii","Zanthoxylum-type lemairei","Zanthoxylum-type usambarense","Zanthoxylum-type zanthoxyloides",NA,NA,NA,NA,NA,NA,NA
"418",3,"FC400","Annonaceae","Annonaceae Undiff.",NA,NA,"Annonaceae Undiff.","Annonaceae undiff.",NA,NA,NA,NA,NA,NA,NA,NA,NA,NA,NA,NA,NA
"419",3,"FC400","Combretaceae","Combretaceae undiff.",NA,NA,"Combretaceae undiff.","Combretaceae undiff.",NA,NA,NA,NA,NA,NA,NA,NA,NA,NA,NA,NA,NA
"420",3,"FC400","Malvaceae","Malvaceae - Tiliaceae undiff.",NA,NA,"Malvaceae - Tiliaceae undiff.","Malvaceae undiff.",NA,NA,NA,NA,NA,NA,NA,NA,NA,NA,NA,NA,NA
"421",3,"FC400","Moraceae","Moraceae Undiff.",NA,NA,"Moraceae Undiff.","Moraceae undiff.","Moraceae/Trema","Urticaceae/Moraceae undiff.",NA,NA,NA,NA,NA,NA,NA,NA,NA,NA,NA
"422",3,"FC400","Rubiaceae","Rubiaceae undiff.",NA,NA,"Rubiaceae undiff.","Rubiaceae undiff.",NA,NA,NA,NA,NA,NA,NA,NA,NA,NA,NA,NA,NA
"423",3,"FC400","Sapindaceae","Sapindaceae undiff.",NA,NA,"Sapindaceae undiff.","Proteaceae/Sapindaceae undiff.","Sapindaceae undiff.",NA,NA,NA,NA,NA,NA,NA,NA,NA,NA,NA,NA
"424",3,"FC400","Sapotaceae","Sapotaceae Undiff.",NA,NA,"Sapotaceae Undiff.","Meliaceae/Sapotaceae undiff.","Sapotaceae undiff.",NA,NA,NA,NA,NA,NA,NA,NA,NA,NA,NA,NA
"425",3,"FC400","Vitaceae","Vitaceae undiff.",NA,NA,"Vitaceae undiff.","Vitaceae undiff.",NA,NA,NA,NA,NA,NA,NA,NA,NA,NA,NA,NA,NA
"426",3,"FC400","Indet","Indeterminate/NID",NA,NA,"Indeterminate/NID","Indeterminable",NA,NA,NA,NA,NA,NA,NA,NA,NA,NA,NA,NA,NA
"427",3,"FC400","volume","volume (ml)",NA,NA,"volume (ml)",NA,NA,NA,NA,NA,NA,NA,NA,NA,NA,NA,NA,NA,NA
"428",3,"FC400","Lyco_added","Lycopodium added",NA,NA,"Lycopodium added",NA,NA,NA,NA,NA,NA,NA,NA,NA,NA,NA,NA,NA,NA
"429",3,"FC400","Lyco_count","Lycopodium (tracer)",NA,NA,"Lycopodium (tracer)",NA,NA,NA,NA,NA,NA,NA,NA,NA,NA,NA,NA,NA,NA
